zip,city,state,county,latitude,longitude,10_year_price,5_year_price,current_price,10_year_growth,5_year_growth
33890,Zolfo Springs,FL,Hardee,27.48,-81.7423,"68,907.00","99,014.00","131,832.00",0.91,0.33
33540,Zephyrhills,FL,Pasco,28.2151,-82.1506,"96,201.00","129,341.00","221,273.00",1.30,0.71
33541,Zephyrhills,FL,Pasco,28.2311,-82.2057,"116,951.00","160,064.00","260,263.00",1.23,0.63
33542,Zephyrhills,FL,Pasco,28.2303,-82.1779,"69,435.00","90,277.00","169,011.00",1.43,0.87
33849,Kathleen,FL,Polk,28.1975,-82.0396,"128,996.00","197,834.00","311,436.00",1.41,0.57
32798,Zellwood,FL,Orange,28.7194,-81.5762,"85,675.00","125,083.00","205,320.00",1.40,0.64
32097,Yulee,FL,Nassau,30.6222,-81.5906,"140,223.00","194,787.00","285,453.00",1.04,0.47
32466,Youngstown,FL,Bay,30.3269,-85.5169,"138,796.00","155,177.00","214,729.00",0.55,0.38
32697,Worthington Springs,FL,Union,29.9315,-82.4255,"51,146.00","72,421.00","92,802.00",0.81,0.28
32708,Winter Springs,FL,Seminole,28.6831,-81.2814,"158,841.00","237,874.00","340,336.00",1.14,0.43
32789,Winter Park,FL,Orange,28.5978,-81.3534,"282,521.00","435,751.00","585,887.00",1.07,0.34
32792,Winter Park,FL,Orange,28.5974,-81.3036,"133,827.00","210,682.00","327,375.00",1.45,0.55
33880,Winter Haven,FL,Polk,27.9873,-81.7625,"78,795.00","116,207.00","201,548.00",1.56,0.73
33881,Winter Haven,FL,Polk,28.0452,-81.7325,"88,483.00","119,368.00","206,254.00",1.33,0.73
33884,Winter Haven,FL,Polk,27.981,-81.6736,"124,779.00","167,351.00","250,820.00",1.01,0.50
33598,Wimauma,FL,Hillsborough,27.7015,-82.3151,"171,556.00","226,341.00","303,145.00",0.77,0.34
32696,Williston,FL,Levy,29.3977,-82.4856,"87,108.00","119,582.00","154,167.00",0.77,0.29
32821,Orlando,FL,Orange,28.3957,-81.4666,"115,093.00","187,476.00","274,402.00",1.38,0.46
32096,White Springs,FL,Hamilton,30.3387,-82.7765,"54,854.00","85,016.00","113,880.00",1.08,0.34
32449,Wewahitchka,FL,Calhoun,30.4059,-85.1974,"46,273.00","75,692.00","88,614.00",0.92,0.17
32465,Wewahitchka,FL,Gulf,30.0933,-85.2048,"57,576.00","80,322.00","97,341.00",0.69,0.21
32464,Westville,FL,Holmes,30.8747,-85.913,"60,152.00","85,970.00","130,818.00",1.17,0.52
33167,Miami,FL,Miami-Dade,25.8856,-80.2292,"102,159.00","171,858.00","310,566.00",2.04,0.81
33326,Fort Lauderdale,FL,Broward,26.1158,-80.3681,"204,976.00","311,306.00","413,692.00",1.02,0.33
33327,Fort Lauderdale,FL,Broward,26.1168,-80.4156,"352,554.00","488,963.00","600,992.00",0.70,0.23
33331,Fort Lauderdale,FL,Broward,26.048,-80.3749,"333,452.00","461,047.00","604,452.00",0.81,0.31
33332,Fort Lauderdale,FL,Broward,26.0596,-80.4146,"423,766.00","559,635.00","700,765.00",0.65,0.25
33626,Tampa,FL,Hillsborough,28.0509,-82.6164,"241,807.00","329,620.00","454,953.00",0.88,0.38
33401,West Palm Beach,FL,Palm Beach,26.7165,-80.0679,"132,021.00","217,650.00","290,620.00",1.20,0.34
33405,West Palm Beach,FL,Palm Beach,26.67,-80.0582,"133,199.00","239,888.00","383,737.00",1.88,0.60
33407,West Palm Beach,FL,Palm Beach,26.7492,-80.0725,"99,864.00","159,273.00","252,446.00",1.53,0.59
33409,West Palm Beach,FL,Palm Beach,26.7162,-80.0965,"90,294.00","155,116.00","239,056.00",1.65,0.54
33412,West Palm Beach,FL,Palm Beach,26.8055,-80.2482,"241,957.00","365,388.00","505,370.00",1.09,0.38
32904,Melbourne,FL,Brevard,28.0673,-80.678,"145,977.00","217,674.00","321,243.00",1.20,0.48
33147,Miami,FL,Miami-Dade,25.8507,-80.2366,"77,738.00","156,879.00","294,591.00",2.79,0.88
33714,Saint Petersburg,FL,Pinellas,27.8176,-82.6776,"69,165.00","117,613.00","209,263.00",2.03,0.78
33543,Wesley Chapel,FL,Pasco,28.2397,-82.3279,"150,595.00","224,618.00","335,805.00",1.23,0.50
33544,Wesley Chapel,FL,Pasco,28.2397,-82.3279,"176,993.00","249,074.00","360,513.00",1.04,0.45
33545,Wesley Chapel,FL,Pasco,28.2697,-82.2903,"130,073.00","204,398.00","314,339.00",1.42,0.54
33414,Wellington,FL,Palm Beach,26.6587,-80.2414,"232,781.00","350,900.00","474,736.00",1.04,0.35
33449,Lake Worth,FL,Palm Beach,26.6048,-80.2149,"324,336.00","434,487.00","545,106.00",0.68,0.25
32094,Wellborn,FL,Suwannee,30.1796,-82.8505,"77,677.00","121,049.00","165,737.00",1.13,0.37
32193,Welaka,FL,Putnam,29.4905,-81.653,"109,274.00","132,027.00","202,316.00",0.85,0.53
32133,Eastlake Weir,FL,Marion,29.0088,-81.9094,"88,288.00","101,123.00","141,747.00",0.61,0.40
32195,Weirsdale,FL,Marion,28.9782,-81.8932,"155,973.00","175,612.00","263,851.00",0.69,0.50
32833,Orlando,FL,Orange,28.5088,-81.0703,"165,652.00","258,627.00","367,373.00",1.22,0.42
33597,Webster,FL,Sumter,28.549,-82.0805,"107,605.00","119,372.00","212,255.00",0.97,0.78
33873,Wauchula,FL,Hardee,27.5517,-81.8074,"72,595.00","105,491.00","136,194.00",0.88,0.29
32694,Waldo,FL,Alachua,29.7871,-82.1608,"107,817.00","115,445.00","182,937.00",0.70,0.58
33157,Miami,FL,Miami-Dade,25.6062,-80.3426,"174,632.00","284,943.00","418,927.00",1.40,0.47
33158,Miami,FL,Miami-Dade,25.6364,-80.3187,"485,298.00","689,247.00","791,904.00",0.63,0.15
32960,Vero Beach,FL,Indian River,27.633,-80.4031,"90,605.00","139,484.00","213,399.00",1.36,0.53
32962,Vero Beach,FL,Indian River,27.5885,-80.3923,"83,307.00","127,676.00","199,836.00",1.40,0.57
32963,Vero Beach,FL,Indian River,27.6898,-80.3757,"463,646.00","607,866.00","749,999.00",0.62,0.23
32966,Vero Beach,FL,Indian River,27.6372,-80.4794,"124,857.00","185,852.00","260,601.00",1.09,0.40
32967,Vero Beach,FL,Indian River,27.6972,-80.4416,"142,554.00","211,628.00","296,277.00",1.08,0.40
32968,Vero Beach,FL,Indian River,27.5999,-80.4382,"159,468.00","230,879.00","324,503.00",1.03,0.41
32462,Vernon,FL,Washington,30.6267,-85.7553,"56,662.00","78,391.00","110,257.00",0.95,0.41
33960,Venus,FL,Highlands,27.1203,-81.3909,"123,781.00","155,733.00","251,068.00",1.03,0.61
34291,North Port,FL,Sarasota,27.0997,-82.2095,"193,524.00","273,264.00","358,966.00",0.85,0.31
34423,Crystal River,FL,Citrus,28.867,-82.5727,"216,195.00","292,705.00","378,270.00",0.75,0.29
34428,Crystal River,FL,Citrus,28.9584,-82.5993,"157,049.00","234,082.00","324,395.00",1.07,0.39
33594,Valrico,FL,Hillsborough,27.9408,-82.242,"132,575.00","193,305.00","301,524.00",1.27,0.56
33596,Valrico,FL,Hillsborough,27.8925,-82.243,"189,247.00","259,958.00","379,215.00",1.00,0.46
32580,Valparaiso,FL,Okaloosa,30.5092,-86.5009,"142,862.00","168,920.00","276,596.00",0.94,0.64
33165,Miami,FL,Miami-Dade,25.7343,-80.3588,"205,073.00","335,829.00","465,451.00",1.27,0.39
32784,Umatilla,FL,Lake,28.9254,-81.6801,"100,294.00","126,227.00","209,078.00",1.08,0.66
32628,Cross City,FL,Dixie,29.6372,-83.2032,"39,717.00","65,522.00","84,558.00",1.13,0.29
32693,Trenton,FL,Gilchrist,29.6133,-82.8176,"88,444.00","126,418.00","164,732.00",0.86,0.30
33615,Tampa,FL,Hillsborough,28.0081,-82.5805,"106,202.00","168,124.00","286,646.00",1.70,0.71
33634,Tampa,FL,Hillsborough,28.0068,-82.556,"103,819.00","169,672.00","292,473.00",1.82,0.72
33635,Tampa,FL,Hillsborough,28.0301,-82.6048,"172,379.00","250,577.00","366,737.00",1.13,0.46
32780,Titusville,FL,Brevard,28.5697,-80.8191,"86,806.00","131,799.00","222,122.00",1.56,0.69
32796,Titusville,FL,Brevard,28.6271,-80.8429,"80,666.00","124,327.00","215,399.00",1.67,0.73
33592,Thonotosassa,FL,Hillsborough,28.0617,-82.3082,"150,207.00","192,693.00","309,463.00",1.06,0.61
32159,Lady Lake,FL,Lake,28.9299,-81.9256,"159,381.00","205,184.00","260,261.00",0.63,0.27
32162,The Villages,FL,Sumter,28.9341,-81.9599,"196,329.00","248,738.00","306,504.00",0.56,0.23
32163,The Villages,FL,Sumter,28.9338,-81.9914,"265,056.00","286,549.00","384,749.00",0.45,0.34
33196,Miami,FL,Miami-Dade,25.6615,-80.441,"195,333.00","308,650.00","412,434.00",1.11,0.34
33186,Miami,FL,Miami-Dade,25.6694,-80.4085,"174,815.00","281,653.00","378,337.00",1.16,0.34
34286,North Port,FL,Sarasota,27.0748,-82.1756,"295,780.00","420,295.00","628,158.00",1.12,0.49
33469,Jupiter,FL,Palm Beach,26.9831,-80.108,"245,638.00","367,710.00","522,794.00",1.13,0.42
33617,Tampa,FL,Hillsborough,28.0384,-82.3949,"91,621.00","136,638.00","241,755.00",1.64,0.77
33637,Tampa,FL,Hillsborough,28.0338,-82.3659,"90,770.00","143,382.00","237,482.00",1.62,0.66
33070,Tavernier,FL,Monroe,25.0108,-80.5218,462759,"539,434.00","685,843.00",0.48,0.27
32778,Tavares,FL,Lake,28.801,-81.734,"120,930.00","163,105.00","252,270.00",1.09,0.55
33602,Tampa,FL,Hillsborough,27.9614,-82.4597,"176,853.00","288,353.00","433,395.00",1.45,0.50
33603,Tampa,FL,Hillsborough,27.9845,-82.463,"92,996.00","179,576.00","331,276.00",2.56,0.84
33604,Tampa,FL,Hillsborough,28.0173,-82.4578,"73,321.00","141,484.00","271,443.00",2.70,0.92
33605,Tampa,FL,Hillsborough,27.9671,-82.4334,"49,197.00","90,474.00","213,610.00",3.34,1.36
33606,Tampa,FL,Hillsborough,27.9475,-82.4584,"315,994.00","487,080.00","719,312.00",1.28,0.48
33607,Tampa,FL,Hillsborough,27.9625,-82.4895,"82,287.00","153,361.00","297,777.00",2.62,0.94
33609,Tampa,FL,Hillsborough,27.9425,-82.5057,"210,715.00","338,812.00","512,871.00",1.43,0.51
33610,Tampa,FL,Hillsborough,27.9951,-82.4046,"57,424.00","98,918.00","216,671.00",2.77,1.19
33611,Tampa,FL,Hillsborough,27.8914,-82.5067,"164,174.00","254,148.00","390,611.00",1.38,0.54
33612,Tampa,FL,Hillsborough,28.0502,-82.45,"72,274.00","120,961.00","232,360.00",2.22,0.92
33616,Tampa,FL,Hillsborough,27.8742,-82.5203,"135,373.00","209,008.00","334,297.00",1.47,0.60
33629,Tampa,FL,Hillsborough,27.921,-82.5079,"361,774.00","547,980.00","786,186.00",1.17,0.43
33647,Tampa,FL,Hillsborough,28.1147,-82.3678,"201,115.00","270,888.00","383,289.00",0.91,0.41
33175,Miami,FL,Miami-Dade,25.7341,-80.4068,"191,241.00","313,040.00","434,941.00",1.27,0.39
33182,Miami,FL,Miami-Dade,25.7877,-80.4166,"211,789.00","343,441.00","454,209.00",1.14,0.32
33184,Miami,FL,Miami-Dade,25.7574,-80.403,"189,923.00","300,565.00","408,950.00",1.15,0.36
33321,Fort Lauderdale,FL,Broward,26.212,-80.2696,"98,402.00","163,709.00","242,269.00",1.46,0.48
32301,Tallahassee,FL,Leon,30.4286,-84.2593,"110,045.00","114,138.00","159,755.00",0.45,0.40
32303,Tallahassee,FL,Leon,30.4874,-84.3189,"119,844.00","126,312.00","183,848.00",0.53,0.46
32304,Tallahassee,FL,Leon,30.4478,-84.3211,"78,543.00","76,540.00","113,354.00",0.44,0.48
32305,Tallahassee,FL,Leon,30.334,-84.287,"86,942.00","82,801.00","131,959.00",0.52,0.59
32308,Tallahassee,FL,Leon,30.4771,-84.2246,"174,652.00","198,637.00","270,347.00",0.55,0.36
32309,Tallahassee,FL,Leon,30.5422,-84.1413,"205,439.00","234,691.00","316,555.00",0.54,0.35
32310,Tallahassee,FL,Leon,30.3991,-84.3298,"82,154.00","72,919.00","120,407.00",0.47,0.65
32311,Tallahassee,FL,Leon,30.4156,-84.187,"166,628.00","186,527.00","250,885.00",0.51,0.35
32312,Tallahassee,FL,Leon,30.5185,-84.2627,"238,080.00","273,542.00","368,132.00",0.55,0.35
32317,Tallahassee,FL,Leon,30.4651,-84.1128,"213,726.00","242,563.00","330,048.00",0.54,0.36
32692,Suwannee,FL,Dixie,29.3295,-83.14,"119,990.00","143,501.00","172,690.00",0.44,0.20
33322,Fort Lauderdale,FL,Broward,26.1502,-80.2745,"88,639.00","145,295.00","218,010.00",1.46,0.50
33323,Fort Lauderdale,FL,Broward,26.152,-80.3165,"197,845.00","289,686.00","398,728.00",1.02,0.38
33351,Fort Lauderdale,FL,Broward,26.1793,-80.2746,"114,177.00","192,783.00","285,555.00",1.50,0.48
33160,North Miami Beach,FL,Miami-Dade,25.9449,-80.1391,"257,762.00","401,179.00","396,178.00",0.54,-0.01
33573,Sun City Center,FL,Hillsborough,27.7147,-82.3538,"114,082.00","172,375.00","251,143.00",1.20,0.46
33042,Summerland Key,FL,Monroe,24.667,-81.5099,521009,"597,259.00","769,011.00",0.48,0.29
32359,Steinhatchee,FL,Taylor,29.6739,-83.3723,"87,871.00","114,409.00","154,906.00",0.76,0.35
32091,Starke,FL,Bradford,29.9583,-82.1185,"74,775.00","108,517.00","141,746.00",0.90,0.31
33177,Miami,FL,Miami-Dade,25.5968,-80.4046,"142,114.00","252,816.00","380,410.00",1.68,0.50
33760,Clearwater,FL,Pinellas,27.9004,-82.7152,"93,555.00","135,193.00","223,414.00",1.39,0.65
32119,Daytona Beach,FL,Volusia,29.16,-81.0269,"99,244.00","144,221.00","226,016.00",1.28,0.57
33493,South Bay,FL,Palm Beach,26.6701,-80.7312,"98,951.00","97,077.00","127,373.00",0.29,0.31
32776,Sorrento,FL,Lake,28.8035,-81.5323,"153,476.00","223,276.00","340,513.00",1.22,0.53
32358,Sopchoppy,FL,Wakulla,30.0714,-84.4549,"97,249.00","141,998.00","171,551.00",0.76,0.21
32460,Sneads,FL,Jackson,30.7276,-84.9337,"57,255.00","83,896.00","104,778.00",0.83,0.25
34284,Venice,FL,Sarasota,27.1675,-82.381,"468,289.00","612,765.00","770,154.00",0.64,0.26
32579,Shalimar,FL,Okaloosa,30.4456,-86.5717,"192,263.00","226,657.00","350,709.00",0.82,0.55
32190,Seville,FL,Volusia,29.3201,-81.5279,"87,719.00","124,989.00","205,653.00",1.34,0.65
33772,Seminole,FL,Pinellas,27.8466,-82.7954,"117,215.00","178,867.00","304,438.00",1.60,0.70
33776,Seminole,FL,Pinellas,27.8505,-82.8263,"185,625.00","268,156.00","425,128.00",1.29,0.59
33777,Seminole,FL,Pinellas,27.8688,-82.7344,"97,608.00","147,683.00","265,800.00",1.72,0.80
33584,Seffner,FL,Hillsborough,27.9922,-82.2863,"115,710.00","173,794.00","279,869.00",1.42,0.61
33870,Sebring,FL,Highlands,27.4924,-81.4357,"74,926.00","87,731.00","153,177.00",1.04,0.75
33872,Sebring,FL,Highlands,27.4703,-81.4872,"101,858.00","121,277.00","183,900.00",0.81,0.52
33875,Sebring,FL,Highlands,27.4676,-81.4581,"116,166.00","140,253.00","219,915.00",0.89,0.57
33876,Sebring,FL,Highlands,27.4287,-81.3519,"101,112.00","118,826.00","191,623.00",0.90,0.61
32958,Sebastian,FL,Indian River,27.7901,-80.4784,"124,625.00","182,587.00","270,167.00",1.17,0.48
32189,Satsuma,FL,Putnam,29.5594,-81.6406,"74,888.00","96,573.00","159,197.00",1.13,0.65
32937,Satellite Beach,FL,Brevard,28.178,-80.602,"181,189.00","285,911.00","416,300.00",1.30,0.46
34201,Bradenton,FL,Manatee,27.4047,-82.4705,"312,562.00","418,229.00","511,551.00",0.64,0.22
34231,Sarasota,FL,Sarasota,27.2666,-82.5163,"146,229.00","233,764.00","329,893.00",1.26,0.41
34232,Sarasota,FL,Sarasota,27.3262,-82.4724,"124,185.00","211,580.00","306,714.00",1.47,0.45
34233,Sarasota,FL,Sarasota,27.2866,-82.477,"155,997.00","239,444.00","322,717.00",1.07,0.35
34234,Sarasota,FL,Sarasota,27.3688,-82.5268,"86,456.00","141,321.00","227,376.00",1.63,0.61
34235,Sarasota,FL,Sarasota,27.3672,-82.4848,"137,550.00","208,255.00","283,557.00",1.06,0.36
34276,Sarasota,FL,Sarasota,27.3364,-82.5307,"434,895.00","636,486.00","805,221.00",0.85,0.27
34277,Sarasota,FL,Sarasota,27.3364,-82.5307,"87,336.00","164,042.00","254,914.00",1.92,0.55
34278,Sarasota,FL,Sarasota,27.3316,-82.5285,"255,408.00","345,030.00","429,037.00",0.68,0.24
34280,Bradenton,FL,Manatee,27.4272,-82.4387,"155,679.00","272,606.00","395,694.00",1.54,0.45
34281,Bradenton,FL,Manatee,27.4272,-82.4387,"313,489.00","427,182.00","579,021.00",0.85,0.36
34282,Bradenton,FL,Manatee,27.4272,-82.4387,"253,505.00","342,318.00","457,426.00",0.80,0.34
34285,Venice,FL,Sarasota,27.0933,-82.4498,"171,531.00","263,141.00","350,180.00",1.04,0.33
32459,Santa Rosa Beach,FL,Walton,30.3659,-86.2458,"347,171.00","479,594.00","741,996.00",1.14,0.55
33957,Sanibel,FL,Lee,26.4514,-82.0868,"611,203.00","767,179.00","931,133.00",0.52,0.21
32771,Sanford,FL,Seminole,28.8013,-81.285,"126,208.00","186,901.00","283,795.00",1.25,0.52
32773,Sanford,FL,Seminole,28.7644,-81.282,"89,495.00","148,966.00","245,040.00",1.74,0.64
32072,Olustee,FL,Baker,30.2041,-82.4287,"43,231.00","56,006.00","72,076.00",0.67,0.29
32087,Sanderson,FL,Baker,30.2522,-82.2729,"58,962.00","90,870.00","128,926.00",1.19,0.42
32187,San Mateo,FL,Putnam,29.5888,-81.5921,"90,087.00","110,243.00","190,780.00",1.12,0.73
33576,San Antonio,FL,Pasco,28.3371,-82.2882,"133,998.00","182,790.00","281,074.00",1.10,0.54
32356,Salem,FL,Taylor,29.8539,-83.4421,"42,388.00","65,513.00","93,758.00",1.21,0.43
33701,Saint Petersburg,FL,Pinellas,27.7723,-82.6386,"178,986.00","346,842.00","539,302.00",2.01,0.55
33702,Saint Petersburg,FL,Pinellas,27.8427,-82.6448,"105,596.00","164,874.00","271,254.00",1.57,0.65
33703,Saint Petersburg,FL,Pinellas,27.817,-82.6264,"118,784.00","197,517.00","340,454.00",1.87,0.72
33704,Saint Petersburg,FL,Pinellas,27.7954,-82.6373,"206,803.00","363,471.00","588,913.00",1.85,0.62
33705,Saint Petersburg,FL,Pinellas,27.7391,-82.6435,"81,330.00","143,044.00","273,732.00",2.37,0.91
33710,Saint Petersburg,FL,Pinellas,27.7898,-82.7243,"110,792.00","177,061.00","301,061.00",1.72,0.70
33711,Saint Petersburg,FL,Pinellas,27.7465,-82.6897,"72,529.00","104,371.00","215,462.00",1.97,1.06
33712,Saint Petersburg,FL,Pinellas,27.7353,-82.6663,"72,834.00","114,290.00","244,716.00",2.36,1.14
33713,Saint Petersburg,FL,Pinellas,27.789,-82.6779,"81,212.00","141,752.00","280,817.00",2.46,0.98
33715,Saint Petersburg,FL,Pinellas,27.6705,-82.7119,"232,776.00","305,967.00","442,899.00",0.90,0.45
33716,Saint Petersburg,FL,Pinellas,27.8738,-82.64,"82,232.00","106,007.00","160,455.00",0.95,0.51
33706,Saint Petersburg,FL,Pinellas,27.7456,-82.7516,"254,938.00","366,280.00","536,004.00",1.10,0.46
33956,Saint James City,FL,Lee,26.529,-82.0916,"233,738.00","314,043.00","424,990.00",0.82,0.35
32080,Saint Augustine,FL,Saint Johns,29.7964,-81.2649,"254,898.00","333,449.00","450,647.00",0.77,0.35
32084,Saint Augustine,FL,Saint Johns,29.9175,-81.3668,"147,490.00","199,597.00","290,725.00",0.97,0.46
32086,Saint Augustine,FL,Saint Johns,29.8285,-81.3237,"159,642.00","208,708.00","305,827.00",0.92,0.47
32092,Saint Augustine,FL,Saint Johns,29.9475,-81.5264,"207,738.00","274,158.00","385,238.00",0.85,0.41
32095,Saint Augustine,FL,Saint Johns,30.011,-81.4108,"252,495.00","319,831.00","438,397.00",0.74,0.37
33570,Ruskin,FL,Hillsborough,27.7015,-82.4355,"124,606.00","184,035.00","270,378.00",1.17,0.47
33411,West Palm Beach,FL,Palm Beach,26.6644,-80.1741,"164,113.00","267,676.00","372,559.00",1.27,0.39
33947,Rotonda West,FL,Charlotte,26.8842,-82.2691,"166,450.00","240,700.00","345,077.00",1.07,0.43
32955,Rockledge,FL,Brevard,28.3134,-80.7319,"134,291.00","203,790.00","305,874.00",1.28,0.50
33404,West Palm Beach,FL,Palm Beach,26.7832,-80.0638,"132,030.00","207,882.00","304,907.00",1.31,0.47
33547,Lithia,FL,Hillsborough,27.8293,-82.1357,"222,501.00","296,741.00","413,980.00",0.86,0.40
33569,Riverview,FL,Hillsborough,27.845,-82.3125,"151,455.00","219,414.00","326,415.00",1.16,0.49
33578,Riverview,FL,Pasco,27.8633,-82.3499,"124,412.00","185,190.00","280,825.00",1.26,0.52
33579,Riverview,FL,Hillsborough,27.8024,-82.2755,"152,910.00","222,979.00","322,710.00",1.11,0.45
33523,Dade City,FL,Pasco,28.4247,-82.2185,"83,162.00","102,121.00","192,800.00",1.32,0.89
33187,Miami,FL,Miami-Dade,25.596,-80.507,"223,155.00","337,049.00","476,943.00",1.14,0.42
32686,Reddick,FL,Marion,29.3754,-82.244,"93,223.00","118,076.00","191,341.00",1.05,0.62
32083,Raiford,FL,Union,30.0704,-82.2001,"57,305.00","87,841.00","114,350.00",1.00,0.30
32330,Greensboro,FL,Gadsden,30.5696,-84.7453,"33,654.00","45,876.00","52,675.00",0.57,0.15
32351,Quincy,FL,Gadsden,30.5867,-84.6094,"57,088.00","78,813.00","96,239.00",0.69,0.22
32352,Quincy,FL,Gadsden,30.6512,-84.5866,"72,239.00","100,180.00","121,239.00",0.68,0.21
33950,Punta Gorda,FL,Charlotte,26.9152,-82.0532,"215,183.00","299,578.00","417,275.00",0.94,0.39
33955,Punta Gorda,FL,Charlotte,26.824,-81.9547,"170,226.00","247,446.00","330,684.00",0.94,0.34
33980,Punta Gorda,FL,Charlotte,26.9298,-82.0454,"108,192.00","168,778.00","243,355.00",1.25,0.44
33982,Punta Gorda,FL,Charlotte,26.9668,-81.9545,"136,880.00","213,916.00","326,521.00",1.39,0.53
33983,Punta Gorda,FL,Charlotte,27.0074,-82.0163,"123,471.00","204,020.00","294,624.00",1.39,0.44
33032,Homestead,FL,Miami-Dade,25.5303,-80.3918,"129,846.00","222,928.00","334,315.00",1.57,0.50
32456,Port Saint Joe,FL,Gulf,29.8119,-85.303,"194,885.00","251,485.00","330,468.00",0.70,0.31
32127,Port Orange,FL,Volusia,29.1383,-80.9956,"153,150.00","209,622.00","314,968.00",1.06,0.50
32128,Port Orange,FL,Volusia,29.1383,-80.9956,"195,060.00","262,418.00","366,006.00",0.88,0.39
32129,Port Orange,FL,Volusia,29.1372,-81.0241,"115,004.00","158,885.00","250,886.00",1.18,0.58
33946,Placida,FL,Charlotte,26.8323,-82.2648,"337,878.00","390,133.00","529,580.00",0.57,0.36
33948,Port Charlotte,FL,Charlotte,26.9827,-82.1412,"95,863.00","163,310.00","251,908.00",1.63,0.54
33952,Port Charlotte,FL,Charlotte,26.9905,-82.0964,"68,416.00","125,819.00","205,564.00",2.00,0.63
33953,Port Charlotte,FL,Charlotte,27.004,-82.2117,"159,056.00","237,278.00","328,533.00",1.07,0.38
33954,Port Charlotte,FL,Charlotte,27.0228,-82.1108,"114,549.00","184,925.00","278,614.00",1.43,0.51
33981,Port Charlotte,FL,Charlotte,26.9379,-82.2388,"141,120.00","220,078.00","329,567.00",1.34,0.50
32082,Ponte Vedra Beach,FL,Saint Johns,30.1223,-81.3627,"382,919.00","485,818.00","674,742.00",0.76,0.39
32081,Ponte Vedra,FL,Saint Johns,30.1204,-81.4128,"286,209.00","376,276.00","510,816.00",0.78,0.36
32455,Ponce De Leon,FL,Holmes,30.7041,-85.9546,"72,616.00","107,440.00","152,991.00",1.11,0.42
33060,Pompano Beach,FL,Broward,26.2315,-80.1235,"133,381.00","214,650.00","321,839.00",1.41,0.50
33062,Pompano Beach,FL,Broward,26.2343,-80.0941,"221,334.00","308,767.00","394,768.00",0.78,0.28
33064,Pompano Beach,FL,Broward,26.2785,-80.1157,"100,400.00","172,241.00","279,565.00",1.78,0.62
33069,Pompano Beach,FL,Broward,26.2288,-80.1635,"95,289.00","140,227.00","198,311.00",1.08,0.41
32181,Pomona Park,FL,Putnam,29.5002,-81.5915,"77,105.00","98,709.00","165,810.00",1.15,0.68
33868,Polk City,FL,Polk,28.1987,-81.8083,"105,127.00","156,531.00","255,508.00",1.43,0.63
33317,Fort Lauderdale,FL,Broward,26.1122,-80.2264,"177,992.00","279,252.00","410,947.00",1.31,0.47
33324,Fort Lauderdale,FL,Broward,26.1255,-80.2644,"134,213.00","206,674.00","284,691.00",1.12,0.38
33563,Plant City,FL,Hillsborough,28.013,-82.1339,"87,157.00","127,010.00","227,378.00",1.61,0.79
33565,Plant City,FL,Hillsborough,28.0699,-82.1576,"161,996.00","216,141.00","355,126.00",1.19,0.64
33566,Plant City,FL,Hillsborough,28.0094,-82.1138,"141,007.00","195,029.00","301,406.00",1.14,0.55
33567,Plant City,FL,Hillsborough,27.922,-82.1216,"147,775.00","197,242.00","316,603.00",1.14,0.61
32350,Pinetta,FL,Madison,30.5997,-83.3405,"64,073.00","105,497.00","147,129.00",1.30,0.39
33781,Pinellas Park,FL,Pinellas,27.8387,-82.7151,"88,490.00","142,660.00","238,704.00",1.70,0.67
33782,Pinellas Park,FL,Pinellas,27.8681,-82.7086,"87,405.00","137,070.00","240,033.00",1.75,0.75
33156,Miami,FL,Miami-Dade,25.6682,-80.2973,"535,051.00","793,890.00","953,481.00",0.78,0.20
32808,Orlando,FL,Orange,28.5803,-81.4396,"56,589.00","106,328.00","207,032.00",2.66,0.95
32818,Orlando,FL,Orange,28.5801,-81.4846,"95,764.00","165,332.00","270,157.00",1.82,0.63
32809,Orlando,FL,Orange,28.4637,-81.3948,"87,493.00","149,593.00","252,827.00",1.89,0.69
32180,Pierson,FL,Volusia,29.2226,-81.4353,"118,539.00","158,458.00","256,230.00",1.16,0.62
32347,Perry,FL,Taylor,30.1668,-83.616,"54,245.00","85,132.00","112,939.00",1.08,0.33
32348,Perry,FL,Taylor,29.9665,-83.6594,"61,554.00","92,385.00","119,731.00",0.95,0.30
32501,Pensacola,FL,Escambia,30.4223,-87.2248,"89,199.00","110,923.00","181,967.00",1.04,0.64
32502,Pensacola,FL,Escambia,30.4095,-87.2229,"102,684.00","130,692.00","237,947.00",1.32,0.82
32503,Pensacola,FL,Escambia,30.4564,-87.2104,"117,168.00","143,470.00","228,212.00",0.95,0.59
32504,Pensacola,FL,Escambia,30.4873,-87.1872,"112,597.00","133,211.00","203,503.00",0.81,0.53
32505,Pensacola,FL,Escambia,30.4481,-87.2589,"56,940.00","57,816.00","78,760.00",0.38,0.36
32506,Pensacola,FL,Escambia,30.4129,-87.3092,"96,486.00","111,407.00","175,612.00",0.82,0.58
32507,Pensacola,FL,Escambia,30.3737,-87.3126,"153,388.00","184,688.00","277,526.00",0.81,0.50
32514,Pensacola,FL,Escambia,30.5241,-87.2167,"113,506.00","130,058.00","197,466.00",0.74,0.52
32526,Pensacola,FL,Escambia,30.4756,-87.3179,"114,790.00","133,857.00","201,706.00",0.76,0.51
32534,Pensacola,FL,Escambia,30.5301,-87.2793,"98,892.00","116,056.00","175,447.00",0.77,0.51
33024,Hollywood,FL,Broward,26.0296,-80.2489,"140,795.00","233,195.00","352,953.00",1.51,0.51
33026,Hollywood,FL,Broward,26.0229,-80.2974,"154,947.00","246,256.00","342,175.00",1.21,0.39
33028,Pembroke Pines,FL,Broward,26.0185,-80.3449,"259,347.00","379,444.00","503,979.00",0.94,0.33
33029,Hollywood,FL,Broward,25.9924,-80.4089,"273,307.00","390,785.00","518,307.00",0.90,0.33
34219,Parrish,FL,Manatee,27.5572,-82.396,"189,155.00","280,621.00","389,963.00",1.06,0.39
33076,Pompano Beach,FL,Broward,26.3168,-80.2753,"373,659.00","493,612.00","637,094.00",0.71,0.29
32407,Panama City Beach,FL,Bay,30.2007,-85.8136,"185,278.00","224,066.00","321,921.00",0.74,0.44
32408,Panama City,FL,Bay,30.1655,-85.7116,"183,796.00","227,454.00","329,413.00",0.79,0.45
32413,Panama City Beach,FL,Bay,30.3105,-85.9106,"202,433.00","258,438.00","383,999.00",0.90,0.49
32461,Rosemary Beach,FL,Walton,30.2835,-86.0305,"530,241.00","787,005.00","1,174,055.00",1.21,0.49
32401,Panama City,FL,Bay,30.1606,-85.6494,"92,412.00","106,298.00","163,259.00",0.77,0.54
32404,Panama City,FL,Bay,30.1653,-85.5763,"136,260.00","159,905.00","219,598.00",0.61,0.37
32405,Panama City,FL,Bay,30.1949,-85.6727,"141,916.00","165,597.00","228,842.00",0.61,0.38
32346,Panacea,FL,Wakulla,30.0153,-84.3912,"214,763.00","245,986.00","309,309.00",0.44,0.26
34221,Palmetto,FL,Manatee,27.5429,-82.563,"128,233.00","205,715.00","303,300.00",1.37,0.47
33461,Lake Worth,FL,Palm Beach,26.6232,-80.0946,"81,072.00","151,647.00","242,158.00",1.99,0.60
33619,Tampa,FL,Hillsborough,27.9382,-82.3756,"62,188.00","104,142.00","215,515.00",2.47,1.07
32137,Palm Coast,FL,Flagler,29.5565,-81.219,"177,820.00","237,149.00","335,181.00",0.88,0.41
32164,Palm Coast,FL,Flagler,29.4861,-81.2045,"126,767.00","181,497.00","269,361.00",1.12,0.48
33410,Palm Beach Gardens,FL,Palm Beach,26.8234,-80.1387,"215,337.00","329,258.00","438,637.00",1.04,0.33
33418,Palm Beach Gardens,FL,Palm Beach,26.8234,-80.1387,"273,136.00","382,126.00","504,586.00",0.85,0.32
33480,Palm Beach,FL,Palm Beach,26.7206,-80.0388,"518,082.00","716,573.00","933,700.00",0.80,0.30
32905,Palm Bay,FL,Brevard,28.0313,-80.5995,"65,907.00","111,258.00","191,078.00",1.90,0.72
32907,Palm Bay,FL,Brevard,28.0168,-80.6739,"83,584.00","150,941.00","240,904.00",1.88,0.60
32908,Palm Bay,FL,Brevard,27.9816,-80.6894,"80,939.00","154,244.00","244,056.00",2.02,0.58
32909,Palm Bay,FL,Brevard,27.9694,-80.6473,"84,175.00","155,147.00","244,982.00",1.91,0.58
32177,Palatka,FL,Putnam,29.6577,-81.6595,"63,725.00","88,369.00","150,581.00",1.36,0.70
32767,Paisley,FL,Lake,28.9993,-81.503,"73,037.00","96,060.00","159,791.00",1.19,0.66
33476,Pahokee,FL,Palm Beach,26.8142,-80.6629,"80,631.00","76,933.00","147,795.00",0.83,0.92
32571,Milton,FL,Santa Rosa,30.6698,-87.1794,"151,354.00","175,927.00","266,993.00",0.76,0.52
32765,Oviedo,FL,Seminole,28.6513,-81.2066,"185,345.00","269,046.00","382,810.00",1.07,0.42
32766,Oviedo,FL,Seminole,28.6607,-81.1134,"238,786.00","334,704.00","469,781.00",0.97,0.40
32683,Otter Creek,FL,Levy,29.3109,-82.7945,"31,592.00","40,296.00","48,868.00",0.55,0.21
34229,Osprey,FL,Sarasota,27.1838,-82.4853,"336,436.00","444,463.00","579,896.00",0.72,0.30
32174,Ormond Beach,FL,Volusia,29.2833,-81.0882,"160,792.00","214,888.00","317,862.00",0.98,0.48
32176,Ormond Beach,FL,Volusia,29.3222,-81.0584,"152,928.00","214,702.00","322,474.00",1.11,0.50
32801,Orlando,FL,Orange,28.5399,-81.3727,"157,973.00","261,811.00","333,429.00",1.11,0.27
32803,Orlando,FL,Orange,28.5559,-81.3535,"165,729.00","261,841.00","380,023.00",1.29,0.45
32804,Orlando,FL,Orange,28.5754,-81.3955,"184,932.00","290,563.00","412,389.00",1.23,0.42
32805,Orlando,FL,Orange,28.5302,-81.4045,"49,575.00","90,961.00","196,541.00",2.96,1.16
32806,Orlando,FL,Orange,28.514,-81.357,"157,743.00","247,794.00","365,676.00",1.32,0.48
32807,Orlando,FL,Orange,28.5515,-81.3051,"81,125.00","150,213.00","257,545.00",2.17,0.71
32810,Orlando,FL,Orange,28.6214,-81.4294,"84,090.00","149,797.00","252,152.00",2.00,0.68
32811,Orlando,FL,Orange,28.5163,-81.4516,"55,419.00","98,728.00","178,515.00",2.22,0.81
32812,Orlando,FL,Orange,28.4998,-81.3288,"139,725.00","217,872.00","331,193.00",1.37,0.52
32814,Orlando,FL,Orange,28.5702,-81.3265,"314,543.00","445,057.00","577,633.00",0.84,0.30
32817,Orlando,FL,Orange,28.5891,-81.2277,"128,153.00","205,778.00","310,237.00",1.42,0.51
32822,Orlando,FL,Orange,28.4944,-81.2902,"77,323.00","138,908.00","237,047.00",2.07,0.71
32824,Orlando,FL,Orange,28.3932,-81.3622,"127,729.00","219,052.00","317,345.00",1.48,0.45
32825,Orlando,FL,Orange,28.5469,-81.2571,"125,123.00","204,918.00","309,871.00",1.48,0.51
32826,Orlando,FL,Orange,28.5826,-81.1907,"114,522.00","185,849.00","291,231.00",1.54,0.57
32827,Orlando,FL,Orange,28.4317,-81.343,"242,621.00","352,943.00","459,848.00",0.90,0.30
32828,Orlando,FL,Orange,28.5523,-81.1795,"165,584.00","261,254.00","370,630.00",1.24,0.42
32829,Orlando,FL,Orange,28.4671,-81.2417,"132,792.00","216,494.00","315,194.00",1.37,0.46
32832,Orlando,FL,Orange,28.3774,-81.1888,"191,174.00","295,073.00","400,021.00",1.09,0.36
32835,Orlando,FL,Orange,28.5289,-81.4787,"113,729.00","180,066.00","261,762.00",1.30,0.45
32837,Orlando,FL,Orange,28.3949,-81.4179,"139,517.00","226,505.00","324,755.00",1.33,0.43
32839,Orlando,FL,Orange,28.4871,-81.4082,"78,289.00","130,086.00","226,065.00",1.89,0.74
32065,Orange Park,FL,Clay,30.1382,-81.7742,"142,465.00","184,788.00","279,007.00",0.96,0.51
32073,Orange Park,FL,Clay,30.1637,-81.7291,"130,397.00","161,513.00","255,207.00",0.96,0.58
32763,Orange City,FL,Volusia,28.9453,-81.2995,"79,289.00","124,711.00","226,417.00",1.86,0.82
33865,Ona,FL,Hardee,27.4127,-81.928,"125,788.00","191,608.00","246,825.00",0.96,0.29
32680,Old Town,FL,Dixie,29.6699,-83.005,"52,966.00","88,253.00","117,397.00",1.22,0.33
33556,Odessa,FL,Hillsborough,28.1421,-82.5905,"260,765.00","357,001.00","512,983.00",0.97,0.44
32179,Ocklawaha,FL,Marion,29.0643,-81.8857,"75,973.00","92,708.00","155,995.00",1.05,0.68
34141,Ochopee,FL,Collier,25.8734,-81.1599,"61,410.00","76,688.00","138,144.00",1.25,0.80
33309,Fort Lauderdale,FL,Broward,26.1817,-80.1746,"106,615.00","177,626.00","288,747.00",1.71,0.63
33334,Fort Lauderdale,FL,Broward,26.1845,-80.1344,"145,036.00","235,556.00","353,075.00",1.43,0.50
32759,Oak Hill,FL,Volusia,28.87,-80.8551,"125,576.00","149,504.00","261,002.00",1.08,0.75
32071,O Brien,FL,Suwannee,30.0381,-82.93,"86,007.00","134,134.00","169,814.00",0.97,0.27
34292,Venice,FL,Sarasota,27.09,-82.37,"104,330.00","183,799.00","277,626.00",1.66,0.51
34293,Venice,FL,Sarasota,27.0606,-82.352,"90,904.00","153,977.00","235,005.00",1.59,0.53
34295,Englewood,FL,Sarasota,27.086,-82.4389,"120,041.00","201,518.00","290,746.00",1.42,0.44
34420,Belleview,FL,Marion,29.0531,-82.0375,"144,449.00","227,214.00","305,330.00",1.11,0.34
34421,Belleview,FL,Marion,29.2407,-82.0875,"110,386.00","188,078.00","283,297.00",1.57,0.51
33408,North Palm Beach,FL,Palm Beach,26.8289,-80.0603,"241,828.00","357,473.00","478,842.00",0.98,0.34
33162,Miami,FL,Miami-Dade,25.9286,-80.183,"121,367.00","213,812.00","347,096.00",1.86,0.62
33161,Miami,FL,Miami-Dade,25.8934,-80.1758,"123,843.00","226,020.00","355,511.00",1.87,0.57
33168,Miami,FL,Miami-Dade,25.8902,-80.2101,"114,004.00","182,316.00","325,527.00",1.86,0.79
33181,Miami,FL,Miami-Dade,25.8965,-80.157,"121,035.00","222,285.00","251,545.00",1.08,0.13
33068,Pompano Beach,FL,Broward,26.216,-80.2205,"98,262.00","169,014.00","276,137.00",1.81,0.63
33903,North Fort Myers,FL,Lee,26.693,-81.9125,"96,016.00","159,335.00","232,396.00",1.42,0.46
33917,North Fort Myers,FL,Lee,26.7357,-81.8435,"125,702.00","183,976.00","254,421.00",1.02,0.38
34290,North Port,FL,Sarasota,27.0459,-82.2491,"227,423.00","326,154.00","433,098.00",0.90,0.33
32578,Niceville,FL,Okaloosa,30.5169,-86.4822,"222,885.00","261,495.00","382,112.00",0.71,0.46
32669,Newberry,FL,Alachua,29.6609,-82.5852,"166,128.00","200,171.00","273,365.00",0.65,0.37
32168,New Smyrna Beach,FL,Volusia,29.0247,-80.9584,"151,312.00","201,710.00","304,706.00",1.01,0.51
32169,New Smyrna Beach,FL,Volusia,29.0172,-80.8885,"240,689.00","320,557.00","467,417.00",0.94,0.46
32266,Neptune Beach,FL,Duval,30.3155,-81.4051,"266,069.00","385,078.00","596,906.00",1.24,0.55
32566,Navarre,FL,Santa Rosa,30.4212,-86.8926,"194,169.00","222,506.00","343,546.00",0.77,0.54
34102,Naples,FL,Collier,26.134,-81.7953,"466,635.00","732,971.00","944,100.00",1.02,0.29
34103,Naples,FL,Collier,26.1917,-81.8039,"447,023.00","709,861.00","878,887.00",0.97,0.24
34104,Naples,FL,Collier,26.1529,-81.7417,"153,881.00","234,415.00","283,132.00",0.84,0.21
34105,Naples,FL,Collier,26.1938,-81.7636,"192,735.00","289,910.00","347,159.00",0.80,0.20
34108,Naples,FL,Collier,26.2416,-81.8071,"471,724.00","683,220.00","829,714.00",0.76,0.21
34109,Naples,FL,Collier,26.2534,-81.7644,"263,793.00","386,420.00","451,688.00",0.71,0.17
34110,Naples,FL,Collier,26.2823,-81.7573,"275,005.00","394,671.00","464,796.00",0.69,0.18
34112,Naples,FL,Collier,26.1184,-81.7361,"148,057.00","218,846.00","264,726.00",0.79,0.21
34113,Naples,FL,Collier,26.0426,-81.7182,"206,353.00","307,813.00","374,044.00",0.81,0.22
34114,Naples,FL,Collier,26.0143,-81.5856,"226,919.00","306,787.00","374,215.00",0.65,0.22
34116,Naples,FL,Collier,26.1873,-81.711,"117,985.00","227,961.00","342,415.00",1.90,0.50
34117,Naples,FL,Collier,26.1156,-81.5239,"148,062.00","274,523.00","386,316.00",1.61,0.41
34119,Naples,FL,Collier,26.2665,-81.7146,"303,420.00","433,832.00","513,495.00",0.69,0.18
34120,Naples,FL,Collier,26.3304,-81.5871,"175,224.00","302,770.00","391,559.00",1.23,0.29
34287,North Port,FL,Sarasota,27.0478,-82.2416,"220,223.00","313,356.00","503,576.00",1.29,0.61
33835,Bradley,FL,Polk,27.6993,-81.9494,"45,177.00","53,232.00","119,271.00",1.64,1.24
33860,Mulberry,FL,Polk,27.902,-82.0015,"96,527.00","144,731.00","236,787.00",1.45,0.64
32757,Mount Dora,FL,Lake,28.774,-81.6439,"147,225.00","198,956.00","299,123.00",1.03,0.50
32668,Morriston,FL,Levy,29.2813,-82.4917,"115,908.00","156,454.00","210,298.00",0.81,0.34
33471,Moore Haven,FL,Glades,26.8327,-81.2188,"71,999.00","98,611.00","121,372.00",0.69,0.23
33944,Palmdale,FL,Glades,26.9464,-81.3091,"56,556.00","78,043.00","93,226.00",0.65,0.19
32344,Monticello,FL,Jefferson,30.5197,-83.8925,"91,292.00","147,071.00","185,191.00",1.03,0.26
32577,Molino,FL,Escambia,30.6902,-87.3852,"140,956.00","162,162.00","235,544.00",0.67,0.45
32550,Miramar Beach,FL,Walton,30.385,-86.3473,"315,232.00","392,306.00","564,385.00",0.79,0.44
33023,Hollywood,FL,Broward,25.9894,-80.2153,"121,612.00","199,193.00","341,676.00",1.81,0.72
33025,Hollywood,FL,Broward,25.9921,-80.2712,"124,140.00","211,756.00","301,223.00",1.43,0.42
33027,Hollywood,FL,Broward,25.9974,-80.3248,"172,257.00","270,938.00","364,699.00",1.12,0.35
32754,Mims,FL,Brevard,28.6974,-80.8663,"124,715.00","188,061.00","303,285.00",1.43,0.61
32764,Osteen,FL,Volusia,28.8426,-81.1562,"164,631.00","234,733.00","366,941.00",1.23,0.56
32530,Bagdad,FL,Santa Rosa,30.5986,-87.0315,"94,034.00","108,765.00","188,390.00",1.00,0.73
32570,Milton,FL,Santa Rosa,30.6604,-87.0473,"116,980.00","131,270.00","209,909.00",0.79,0.60
32583,Milton,FL,Santa Rosa,30.5761,-87.0663,"121,947.00","138,522.00","221,950.00",0.82,0.60
32343,Midway,FL,Gadsden,30.485,-84.4768,"92,444.00","134,504.00","184,191.00",0.99,0.37
32068,Middleburg,FL,Clay,30.084,-81.8645,"139,747.00","169,561.00","264,876.00",0.90,0.56
32976,Sebastian,FL,Brevard,27.8679,-80.5416,"73,016.00","109,317.00","166,934.00",1.29,0.53
32664,Mc Intosh,FL,Marion,29.438,-82.2295,"104,106.00","147,223.00","231,575.00",1.22,0.57
32667,Micanopy,FL,Alachua,29.5122,-82.3053,"136,758.00","167,005.00","245,795.00",0.80,0.47
33166,Miami,FL,Miami-Dade,25.8301,-80.2926,"193,521.00","321,792.00","418,983.00",1.17,0.30
33054,Opa Locka,FL,Miami-Dade,25.9097,-80.247,"91,864.00","167,496.00","294,564.00",2.21,0.76
33055,Opa Locka,FL,Miami-Dade,25.9476,-80.2778,"124,221.00","213,767.00","347,961.00",1.80,0.63
33056,Miami Gardens,FL,Miami-Dade,25.942,-80.2456,"119,042.00","196,901.00","329,519.00",1.77,0.67
33169,Miami,FL,Miami-Dade,25.9441,-80.2144,"122,005.00","201,108.00","333,862.00",1.74,0.66
33139,Miami Beach,FL,Miami-Dade,25.7873,-80.1564,"227,855.00","354,546.00","338,766.00",0.49,-0.04
33140,Miami Beach,FL,Miami-Dade,25.8198,-80.1337,"357,076.00","558,030.00","538,160.00",0.51,-0.04
33141,Miami Beach,FL,Miami-Dade,25.8486,-80.1446,"171,081.00","286,896.00","298,938.00",0.75,0.04
33125,Miami,FL,Miami-Dade,25.7825,-80.2341,"125,751.00","234,784.00","358,501.00",1.85,0.53
33126,Miami,FL,Miami-Dade,25.7763,-80.2919,"105,612.00","181,654.00","232,527.00",1.20,0.28
33127,Miami,FL,Miami-Dade,25.8143,-80.2051,"86,473.00","193,082.00","346,667.00",3.01,0.80
33128,Miami,FL,Miami-Dade,25.7756,-80.2089,"95,120.00","173,078.00","204,138.00",1.15,0.18
33129,Miami,FL,Miami-Dade,25.7559,-80.2013,"292,961.00","484,580.00","502,572.00",0.72,0.04
33130,Miami,FL,Miami-Dade,25.7672,-80.2059,"213,208.00","330,050.00","338,089.00",0.59,0.02
33131,Miami,FL,Miami-Dade,25.7629,-80.1895,"296,318.00","417,255.00","403,430.00",0.36,-0.03
33132,Miami,FL,Miami-Dade,25.7867,-80.18,"278,632.00","411,721.00","387,975.00",0.39,-0.06
33133,Miami,FL,Miami-Dade,25.7378,-80.2248,"367,809.00","593,863.00","699,072.00",0.90,0.18
33135,Miami,FL,Miami-Dade,25.7664,-80.2317,"140,583.00","257,193.00","376,592.00",1.68,0.46
33136,Miami,FL,Miami-Dade,25.7864,-80.2042,"109,432.00","204,060.00","229,677.00",1.10,0.13
33137,Miami,FL,Miami-Dade,25.8156,-80.1897,"232,340.00","461,323.00","454,383.00",0.96,-0.02
33138,Miami,FL,Miami-Dade,25.8521,-80.1821,"243,645.00","434,726.00","549,751.00",1.26,0.26
33142,Miami,FL,Miami-Dade,25.813,-80.232,"79,233.00","143,905.00","291,398.00",2.68,1.02
33144,Miami,FL,Miami-Dade,25.7626,-80.3096,"188,251.00","308,956.00","441,354.00",1.34,0.43
33145,Miami,FL,Miami-Dade,25.7539,-80.2253,"207,953.00","390,558.00","516,152.00",1.48,0.32
33150,Miami,FL,Miami-Dade,25.8512,-80.207,"97,142.00","169,855.00","316,464.00",2.26,0.86
33155,Miami,FL,Miami-Dade,25.7392,-80.3103,"214,467.00","355,762.00","485,163.00",1.26,0.36
32410,Mexico Beach,FL,Bay,29.9395,-85.4096,"192,458.00","271,666.00","316,709.00",0.65,0.17
32952,Merritt Island,FL,Brevard,28.2764,-80.6568,"162,579.00","249,887.00","372,423.00",1.29,0.49
32953,Merritt Island,FL,Brevard,28.3888,-80.7301,"154,525.00","241,771.00","358,446.00",1.32,0.48
32666,Melrose,FL,Putnam,29.7325,-82.0279,"124,399.00","161,992.00","234,254.00",0.88,0.45
32951,Melbourne Beach,FL,Brevard,28.0219,-80.5389,"264,785.00","380,800.00","529,591.00",1.00,0.39
32901,Melbourne,FL,Brevard,28.0691,-80.62,"86,464.00","139,611.00","220,673.00",1.55,0.58
32903,Indialantic,FL,Brevard,28.1091,-80.5787,"226,973.00","346,392.00","484,018.00",1.13,0.40
32934,Melbourne,FL,Brevard,28.1331,-80.7112,"193,643.00","277,269.00","402,421.00",1.08,0.45
32935,Melbourne,FL,Brevard,28.1384,-80.6524,"84,797.00","136,915.00","224,102.00",1.64,0.64
32940,Melbourne,FL,Brevard,28.2061,-80.685,"181,701.00","271,857.00","380,364.00",1.09,0.40
32568,Mc David,FL,Escambia,30.8686,-87.4539,"113,988.00","119,487.00","173,069.00",0.52,0.45
32062,Mc Alpin,FL,Suwannee,30.1509,-82.9662,"96,842.00","150,980.00","193,841.00",1.00,0.28
32066,Mayo,FL,Lafayette,30.04,-83.1462,"63,179.00","107,232.00","155,604.00",1.46,0.45
32569,Mary Esther,FL,Okaloosa,30.4085,-86.7352,"148,585.00","172,135.00","274,407.00",0.85,0.59
32446,Marianna,FL,Jackson,30.7996,-85.2293,"85,147.00","125,019.00","155,934.00",0.83,0.25
32448,Marianna,FL,Jackson,30.6749,-85.2122,"57,358.00","82,476.00","107,779.00",0.88,0.31
33063,Pompano Beach,FL,Broward,26.2674,-80.2092,"91,178.00","157,688.00","238,130.00",1.61,0.51
34145,Marco Island,FL,Collier,25.9388,-81.6968,"389,942.00","554,842.00","689,660.00",0.77,0.24
33050,Marathon,FL,Monroe,24.7279,-81.0386,437171,"492,886.00","612,897.00",0.40,0.24
32626,Chiefland,FL,Levy,29.4832,-82.8809,"80,711.00","109,491.00","141,275.00",0.75,0.29
32445,Malone,FL,Jackson,30.9602,-85.1639,"45,248.00","66,507.00","83,015.00",0.83,0.25
32950,Malabar,FL,Brevard,27.9761,-80.5788,"203,486.00","282,792.00","433,506.00",1.13,0.53
32751,Maitland,FL,Orange,28.6255,-81.3646,"180,781.00","278,326.00","396,517.00",1.19,0.42
32340,Madison,FL,Madison,30.4802,-83.4067,"58,958.00","89,423.00","111,991.00",0.90,0.25
33708,Saint Petersburg,FL,Pinellas,27.8116,-82.8014,"227,152.00","326,753.00","489,640.00",1.16,0.50
32063,Macclenny,FL,Baker,30.2737,-82.1325,"103,527.00","156,253.00","214,322.00",1.07,0.37
32409,Panama City,FL,Bay,30.3117,-85.6923,"186,478.00","221,888.00","296,820.00",0.59,0.34
32444,Lynn Haven,FL,Bay,30.2362,-85.6467,"170,276.00","200,890.00","268,596.00",0.58,0.34
33548,Lutz,FL,Hillsborough,28.1385,-82.4821,"258,376.00","336,757.00","481,557.00",0.86,0.43
33549,Lutz,FL,Hillsborough,28.1367,-82.461,"163,058.00","231,757.00","355,084.00",1.18,0.53
33558,Lutz,FL,Hillsborough,28.1474,-82.5152,"231,234.00","313,837.00","444,170.00",0.92,0.42
33559,Lutz,FL,Pasco,28.1801,-82.4169,"130,391.00","192,614.00","306,929.00",1.35,0.59
33470,Loxahatchee,FL,Palm Beach,26.7383,-80.276,"182,636.00","323,014.00","473,414.00",1.59,0.47
33858,Loughman,FL,Polk,28.242,-81.5667,"84,519.00","124,957.00","212,044.00",1.51,0.70
33857,Lorida,FL,Highlands,27.415,-81.1965,"112,456.00","130,184.00","198,927.00",0.77,0.53
32750,Longwood,FL,Seminole,28.712,-81.3552,"137,612.00","215,077.00","323,223.00",1.35,0.50
32779,Longwood,FL,Seminole,28.7168,-81.4126,"217,384.00","309,559.00","424,509.00",0.95,0.37
34228,Longboat Key,FL,Manatee,27.4125,-82.659,"521,157.00","679,080.00","825,405.00",0.58,0.22
32060,Live Oak,FL,Suwannee,30.1759,-83.0304,"87,852.00","134,401.00","172,211.00",0.96,0.28
32064,Live Oak,FL,Suwannee,30.2956,-82.9844,"55,579.00","80,958.00","99,913.00",0.80,0.23
33936,Lehigh Acres,FL,Lee,26.5936,-81.6619,"57,572.00","113,048.00","183,648.00",2.19,0.62
33971,Lehigh Acres,FL,Lee,26.6388,-81.6992,"78,083.00","153,162.00","237,666.00",2.04,0.55
33972,Lehigh Acres,FL,Lee,26.6492,-81.6167,"83,882.00","167,417.00","260,419.00",2.10,0.56
33973,Lehigh Acres,FL,Broward,26.602,-81.7311,"90,549.00","150,613.00","234,725.00",1.59,0.56
33974,Lehigh Acres,FL,Lee,26.5677,-81.5954,"76,778.00","149,928.00","232,750.00",2.03,0.55
33976,Lehigh Acres,FL,Lee,26.5952,-81.6849,"72,578.00","144,833.00","229,768.00",2.17,0.59
32059,Lee,FL,Madison,30.3979,-83.2844,"61,169.00","106,342.00","148,132.00",1.42,0.39
33001,Long Key,FL,Monroe,24.8306,-80.8049,504285,"495,786.00","634,947.00",0.26,0.28
32058,Lawtey,FL,Bradford,30.0472,-82.1055,"66,152.00","96,616.00","140,167.00",1.12,0.45
32567,Laurel Hill,FL,Okaloosa,30.9524,-86.4003,"116,227.00","131,196.00","209,437.00",0.80,0.60
33313,Fort Lauderdale,FL,Broward,26.1487,-80.2075,"54,133.00","77,788.00","125,595.00",1.32,0.61
33319,Fort Lauderdale,FL,Broward,26.1848,-80.2406,"68,913.00","106,518.00","161,938.00",1.35,0.52
33770,Largo,FL,Pinellas,27.917,-82.8027,"112,628.00","168,739.00","294,971.00",1.62,0.75
33771,Largo,FL,Pinellas,27.9085,-82.7568,"85,382.00","126,658.00","223,149.00",1.61,0.76
33773,Largo,FL,Pinellas,27.8802,-82.7534,"111,413.00","165,012.00","266,068.00",1.39,0.61
33774,Largo,FL,Pinellas,27.8839,-82.8265,"128,376.00","182,623.00","305,080.00",1.38,0.67
33778,Largo,FL,Pinellas,27.884,-82.8025,"110,181.00","174,560.00","284,506.00",1.58,0.63
33462,Lake Worth,FL,Palm Beach,26.5747,-80.0794,"129,742.00","205,326.00","308,548.00",1.38,0.50
32336,Lamont,FL,Jefferson,30.3772,-83.8129,"55,669.00","98,174.00","127,797.00",1.30,0.30
33813,Lakeland,FL,Polk,27.9611,-81.9398,"144,175.00","203,542.00","307,230.00",1.13,0.51
33801,Lakeland,FL,Polk,28.0381,-81.9392,"62,619.00","97,676.00","187,220.00",1.99,0.92
33803,Lakeland,FL,Polk,28.014,-81.9523,"100,092.00","147,310.00","239,777.00",1.40,0.63
33805,Lakeland,FL,Polk,28.072,-81.9609,"64,709.00","94,197.00","183,064.00",1.83,0.94
33809,Lakeland,FL,Polk,28.1762,-81.9591,"116,073.00","162,229.00","251,761.00",1.17,0.55
33810,Lakeland,FL,Polk,28.1479,-82.0372,"110,031.00","166,196.00","256,892.00",1.33,0.55
33811,Lakeland,FL,Polk,27.9865,-82.0139,"123,646.00","176,029.00","269,992.00",1.18,0.53
33812,Lakeland,FL,Polk,27.9729,-81.8931,"132,474.00","189,212.00","291,007.00",1.20,0.54
33815,Lakeland,FL,Polk,28.0496,-82.0069,"53,260.00","67,019.00","153,816.00",1.89,1.30
33840,Eaton Park,FL,Polk,28.0086,-81.9076,"35,149.00","46,734.00","157,125.00",3.47,2.36
33460,Lake Worth,FL,Palm Beach,26.6182,-80.056,"92,197.00","178,891.00","297,592.00",2.23,0.66
33853,Lake Wales,FL,Polk,27.9002,-81.5847,"68,871.00","93,953.00","177,812.00",1.58,0.89
33855,Indian Lake Estates,FL,Polk,27.798,-81.3572,"86,200.00","121,559.00","208,542.00",1.42,0.72
33859,Lake Wales,FL,Polk,27.8774,-81.6221,"120,734.00","151,152.00","225,260.00",0.87,0.49
33877,Waverly,FL,Polk,27.9769,-81.6144,"49,131.00","57,579.00","110,688.00",1.25,0.92
33898,Lake Wales,FL,Polk,27.8643,-81.5719,"94,964.00","126,831.00","207,794.00",1.19,0.64
33852,Lake Placid,FL,Highlands,27.2945,-81.3649,"105,761.00","127,983.00","201,197.00",0.90,0.57
33403,West Palm Beach,FL,Palm Beach,26.8035,-80.0756,"101,327.00","185,537.00","283,016.00",1.79,0.53
33538,Lake Panasoffkee,FL,Sumter,28.7953,-82.1363,"72,276.00","93,060.00","157,186.00",1.17,0.69
32746,Lake Mary,FL,Seminole,28.7577,-81.3508,"194,032.00","276,505.00","378,932.00",0.95,0.37
33613,Tampa,FL,Hillsborough,28.0772,-82.4455,"106,662.00","156,540.00","264,668.00",1.48,0.69
32744,Lake Helen,FL,Volusia,28.9806,-81.2334,"96,448.00","141,227.00","238,162.00",1.47,0.69
33851,Lake Hamilton,FL,Polk,28.0369,-81.628,"80,101.00","119,122.00","207,012.00",1.58,0.74
33406,West Palm Beach,FL,Palm Beach,26.6396,-80.0827,"113,839.00","199,724.00","321,904.00",1.83,0.61
32024,Lake City,FL,Columbia,30.1055,-82.6878,"104,854.00","156,449.00","228,252.00",1.18,0.46
32025,Lake City,FL,Columbia,30.1601,-82.6396,"76,260.00","111,929.00","165,146.00",1.17,0.48
32055,Lake City,FL,Columbia,30.2702,-82.6254,"69,065.00","102,824.00","146,860.00",1.13,0.43
32054,Lake Butler,FL,Union,30.0035,-82.3828,"87,755.00","125,817.00","166,941.00",0.90,0.33
32061,Lulu,FL,Columbia,30.0754,-82.5385,"60,259.00","98,793.00","167,386.00",1.78,0.69
33850,Lake Alfred,FL,Polk,28.0895,-81.7271,"90,755.00","133,504.00","218,758.00",1.41,0.64
33935,Labelle,FL,Hendry,26.7321,-81.434,"91,727.00","115,574.00","168,119.00",0.83,0.45
33848,Intercession City,FL,Osceola,28.2774,-81.5069,"47,462.00","82,643.00","158,446.00",2.34,0.92
32656,Keystone Heights,FL,Clay,29.7976,-81.9899,"123,706.00","134,069.00","207,740.00",0.68,0.55
33040,Key West,FL,Monroe,24.5552,-81.7816,"408,619.00","612,023.00","755,777.00",0.85,0.23
33037,Key Largo,FL,Monroe,25.0865,-80.4473,546475,"627,075.00","784,655.00",0.44,0.25
33051,Key Colony Beach,FL,Monroe,24.7234,-81.0203,479847,"565,375.00","683,123.00",0.42,0.21
33149,Key Biscayne,FL,Miami-Dade,25.6921,-80.1625,"815,981.00","1,267,615.00","1,188,351.00",0.46,-0.06
33709,Saint Petersburg,FL,Pinellas,27.8201,-82.7308,"73,391.00","117,879.00","221,106.00",2.01,0.88
33185,Miami,FL,Miami-Dade,25.7274,-80.4497,"233,093.00","356,896.00","471,870.00",1.02,0.32
33193,Miami,FL,Miami-Dade,25.6964,-80.4401,"150,640.00","248,038.00","336,073.00",1.23,0.35
33173,Miami,FL,Miami-Dade,25.6992,-80.3618,"198,727.00","303,168.00","409,274.00",1.06,0.35
33176,Miami,FL,Miami-Dade,25.6574,-80.3627,"207,224.00","323,524.00","440,523.00",1.13,0.36
33183,Miami,FL,Miami-Dade,25.7,-80.413,"133,526.00","223,407.00","300,347.00",1.25,0.34
33458,Jupiter,FL,Palm Beach,26.9339,-80.1201,"223,023.00","334,046.00","457,109.00",1.05,0.37
33477,Jupiter,FL,Palm Beach,26.9217,-80.077,"289,212.00","399,978.00","517,624.00",0.79,0.29
33478,Jupiter,FL,Palm Beach,26.9212,-80.2144,"285,788.00","417,066.00","587,345.00",1.06,0.41
32053,Jennings,FL,Hamilton,30.5482,-83.135,"68,000.00","106,761.00","142,873.00",1.10,0.34
32565,Jay,FL,Santa Rosa,30.8985,-87.1332,"100,012.00","105,009.00","187,211.00",0.87,0.78
32052,Jasper,FL,Hamilton,30.5029,-82.9322,"49,373.00","77,568.00","97,240.00",0.97,0.25
32250,Jacksonville Beach,FL,Duval,30.2801,-81.4165,"232,900.00","330,538.00","487,347.00",1.09,0.47
32202,Jacksonville,FL,Duval,30.3299,-81.6517,"83,491.00","120,207.00","190,938.00",1.29,0.59
32204,Jacksonville,FL,Duval,30.3189,-81.6854,"132,061.00","203,159.00","305,362.00",1.31,0.50
32205,Jacksonville,FL,Duval,30.3172,-81.722,"101,656.00","135,271.00","230,746.00",1.27,0.71
32206,Jacksonville,FL,Duval,30.3511,-81.6488,"40,850.00","40,346.00","95,888.00",1.35,1.38
32207,Jacksonville,FL,Duval,30.2908,-81.6321,"111,190.00","149,133.00","232,961.00",1.10,0.56
32208,Jacksonville,FL,Duval,30.3937,-81.6889,"36,296.00","46,831.00","136,236.00",2.75,1.91
32209,Jacksonville,FL,Duval,30.3584,-81.692,"33,098.00","35,689.00","89,771.00",1.71,1.52
32210,Jacksonville,FL,Duval,30.2687,-81.7473,"94,686.00","117,379.00","190,362.00",1.01,0.62
32211,Jacksonville,FL,Duval,30.348,-81.5882,"95,559.00","121,460.00","204,172.00",1.14,0.68
32216,Jacksonville,FL,Duval,30.2787,-81.5831,"107,940.00","144,727.00","227,615.00",1.11,0.57
32217,Jacksonville,FL,Duval,30.2407,-81.617,"146,605.00","179,876.00","273,792.00",0.87,0.52
32218,Jacksonville,FL,Duval,30.4507,-81.6626,"118,701.00","158,599.00","250,343.00",1.11,0.58
32219,Jacksonville,FL,Duval,30.4034,-81.7635,"102,182.00","137,565.00","225,986.00",1.21,0.64
32220,Jacksonville,FL,Duval,30.329,-81.8176,"114,496.00","147,596.00","237,977.00",1.08,0.61
32221,Jacksonville,FL,Duval,30.2837,-81.8202,"122,246.00","159,262.00","251,852.00",1.06,0.58
32222,Jacksonville,FL,Duval,30.2292,-81.8131,"136,897.00","181,591.00","271,794.00",0.99,0.50
32223,Jacksonville,FL,Duval,30.1548,-81.63,"188,834.00","239,589.00","350,957.00",0.86,0.46
32224,Jacksonville,FL,Duval,30.3031,-81.4404,"203,282.00","270,886.00","387,719.00",0.91,0.43
32225,Jacksonville,FL,Duval,30.351,-81.5061,"152,235.00","205,902.00","310,286.00",1.04,0.51
32226,Jacksonville,FL,Duval,30.4735,-81.5448,"168,450.00","214,027.00","313,540.00",0.86,0.47
32234,Jacksonville,FL,Duval,30.2757,-81.9686,"111,711.00","147,073.00","232,237.00",1.08,0.58
32244,Jacksonville,FL,Duval,30.2231,-81.7556,"98,355.00","132,371.00","217,795.00",1.21,0.65
32246,Jacksonville,FL,Duval,30.2933,-81.5092,"123,710.00","171,914.00","266,716.00",1.16,0.55
32254,Jacksonville,FL,Duval,30.3415,-81.7358,"35,117.00","36,529.00","114,813.00",2.27,2.14
32256,Jacksonville,FL,Duval,30.2214,-81.5571,"150,110.00","190,592.00","269,545.00",0.80,0.41
32257,Jacksonville,FL,Duval,30.1927,-81.605,"146,091.00","190,834.00","291,183.00",0.99,0.53
32258,Jacksonville,FL,Duval,30.1459,-81.5739,"170,125.00","224,257.00","320,462.00",0.88,0.43
32277,Jacksonville,FL,Duval,30.3704,-81.5864,"118,389.00","150,330.00","243,510.00",1.06,0.62
33179,Miami,FL,Miami-Dade,25.9571,-80.1814,"96,349.00","157,180.00","206,949.00",1.15,0.32
33036,Islamorada,FL,Monroe,24.9233,-80.63,632479,"756,754.00","949,679.00",0.50,0.25
32148,Interlachen,FL,Putnam,29.627,-81.8894,"72,012.00","83,838.00","144,952.00",1.01,0.73
33785,Indian Rocks Beach,FL,Pinellas,27.8868,-82.8435,"280,918.00","402,373.00","593,572.00",1.11,0.48
33930,Felda,FL,Hendry,26.5398,-81.4356,"118,117.00","199,604.00","273,044.00",1.31,0.37
34142,Immokalee,FL,Collier,26.1844,-81.4152,"109,784.00","169,653.00","238,755.00",1.17,0.41
32334,Hosford,FL,Liberty,30.3639,-84.8054,"49,002.00","68,990.00","104,964.00",1.14,0.52
32360,Telogia,FL,Liberty,30.3511,-84.8203,"28,405.00","42,570.00","62,065.00",1.19,0.46
32648,Horseshoe Beach,FL,Dixie,29.4869,-83.2616,"101,269.00","135,568.00","164,143.00",0.62,0.21
33030,Homestead,FL,Miami-Dade,25.4766,-80.4839,"117,217.00","203,693.00","327,251.00",1.79,0.61
33031,Homestead,FL,Miami-Dade,25.5323,-80.5075,"272,900.00","385,285.00","584,579.00",1.14,0.52
33033,Homestead,FL,Miami-Dade,25.4906,-80.438,"107,523.00","197,677.00","309,252.00",1.88,0.56
33035,Homestead,FL,Miami-Dade,25.4573,-80.4572,"94,390.00","169,514.00","241,759.00",1.56,0.43
33847,Homeland,FL,Polk,27.8178,-81.8245,"68,307.00","94,837.00","178,403.00",1.61,0.88
32564,Holt,FL,Okaloosa,30.7416,-86.7198,"124,018.00","121,924.00","200,034.00",0.61,0.64
34217,Bradenton Beach,FL,Manatee,27.4859,-82.7102,"408,946.00","568,936.00","783,155.00",0.92,0.38
33019,Hollywood,FL,Broward,26.007,-80.1219,"253,339.00","380,788.00","437,079.00",0.73,0.15
33020,Hollywood,FL,Broward,26.0161,-80.1517,"110,973.00","188,218.00","296,612.00",1.67,0.58
33021,Hollywood,FL,Broward,26.0218,-80.1891,"151,325.00","245,558.00","349,276.00",1.31,0.42
32117,Daytona Beach,FL,Volusia,29.2353,-81.0658,"73,740.00","99,456.00","181,318.00",1.46,0.82
33455,Hobe Sound,FL,Martin,27.0813,-80.1509,"206,122.00","290,199.00","411,640.00",1.00,0.42
32046,Hilliard,FL,Nassau,30.6884,-81.9345,"114,031.00","162,307.00","262,778.00",1.30,0.62
33846,Highland City,FL,Polk,27.9647,-81.8672,"49,798.00","81,161.00","162,945.00",2.27,1.01
32643,High Springs,FL,Alachua,29.841,-82.6156,"136,245.00","164,256.00","237,169.00",0.74,0.44
33010,Hialeah,FL,Miami-Dade,25.8325,-80.2808,"148,979.00","248,595.00","377,552.00",1.53,0.52
33012,Hialeah,FL,Miami-Dade,25.8654,-80.3059,"122,874.00","206,912.00","296,475.00",1.41,0.43
33013,Hialeah,FL,Miami-Dade,25.8594,-80.2725,"154,090.00","258,707.00","388,741.00",1.52,0.50
33014,Hialeah,FL,Miami-Dade,25.8963,-80.3063,"143,211.00","231,042.00","315,875.00",1.21,0.37
33016,Hialeah,FL,Miami-Dade,25.8803,-80.3368,"104,137.00","173,503.00","229,426.00",1.20,0.32
33018,Hialeah,FL,Miami-Dade,25.9098,-80.3889,"169,666.00","280,922.00","376,340.00",1.22,0.34
32640,Hawthorne,FL,Alachua,29.574,-82.1056,"88,907.00","110,193.00","174,631.00",0.96,0.58
32333,Havana,FL,Gadsden,30.6092,-84.4143,"107,057.00","157,000.00","197,256.00",0.84,0.26
32145,Hastings,FL,Saint Johns,29.7051,-81.4909,"90,508.00","114,978.00","198,357.00",1.19,0.73
32044,Hampton,FL,Bradford,29.8575,-82.1483,"87,865.00","131,728.00","169,187.00",0.93,0.28
33009,Hallandale,FL,Broward,25.985,-80.1407,"130,407.00","202,261.00","239,682.00",0.84,0.19
33844,Haines City,FL,Polk,28.1145,-81.6201,"98,919.00","142,317.00","229,456.00",1.32,0.61
33707,Saint Petersburg,FL,Pinellas,27.7549,-82.7208,"119,564.00","182,236.00","319,252.00",1.67,0.75
32561,Gulf Breeze,FL,Santa Rosa,30.3571,-87.1639,"311,114.00","388,403.00","577,901.00",0.86,0.49
32563,Gulf Breeze,FL,Santa Rosa,30.3962,-87.0274,"183,426.00","216,763.00","340,827.00",0.86,0.57
32332,Gretna,FL,Gadsden,30.6171,-84.6599,"34,592.00","42,684.00","51,514.00",0.49,0.21
32443,Greenwood,FL,Jackson,30.8667,-85.1153,"57,772.00","85,042.00","109,327.00",0.89,0.29
32331,Greenville,FL,Madison,30.4512,-83.6474,"49,845.00","77,083.00","109,876.00",1.20,0.43
32357,Shady Grove,FL,Taylor,30.288,-83.6318,"53,245.00","79,317.00","108,730.00",1.04,0.37
33413,West Palm Beach,FL,Palm Beach,26.6555,-80.1596,"155,005.00","249,593.00","362,984.00",1.34,0.45
33415,West Palm Beach,FL,Palm Beach,26.656,-80.126,"75,184.00","136,484.00","217,330.00",1.89,0.59
33463,Lake Worth,FL,Palm Beach,26.5955,-80.1291,"115,360.00","200,748.00","305,900.00",1.65,0.52
33467,Lake Worth,FL,Palm Beach,26.6104,-80.1683,"186,588.00","284,726.00","391,032.00",1.10,0.37
32043,Green Cove Springs,FL,Clay,29.9983,-81.7647,"150,808.00","180,873.00","280,808.00",0.86,0.55
33618,Tampa,FL,Hillsborough,28.0763,-82.4852,"167,183.00","243,803.00","367,328.00",1.20,0.51
33624,Tampa,FL,Hillsborough,28.079,-82.5268,"135,732.00","206,588.00","329,930.00",1.43,0.60
32949,Grant,FL,Brevard,27.9289,-80.5264,"238,823.00","320,877.00","480,876.00",1.01,0.50
32442,Grand Ridge,FL,Jackson,30.7148,-85.021,"63,040.00","94,762.00","122,340.00",0.94,0.29
32735,Grand Island,FL,Lake,28.8866,-81.7391,"121,246.00","162,062.00","261,162.00",1.15,0.61
32440,Graceville,FL,Jackson,30.9426,-85.5136,"59,550.00","85,035.00","105,660.00",0.77,0.24
33170,Miami,FL,Miami-Dade,25.5584,-80.4582,"140,774.00","243,495.00","373,243.00",1.65,0.53
34140,Goodland,FL,Collier,25.9248,-81.6456,"212,643.00","300,533.00","413,249.00",0.94,0.38
33143,Miami,FL,Miami-Dade,25.7022,-80.2978,"308,689.00","489,193.00","619,039.00",1.01,0.27
32040,Glen Saint Mary,FL,Baker,30.2861,-82.2041,"102,905.00","164,994.00","229,022.00",1.23,0.39
33534,Gibsonton,FL,Hillsborough,27.8411,-82.3698,"111,694.00","175,467.00","270,605.00",1.42,0.54
32139,Georgetown,FL,Putnam,29.3842,-81.6183,"86,689.00","112,766.00","177,602.00",1.05,0.58
32732,Geneva,FL,Seminole,28.7503,-81.1114,"222,478.00","302,787.00","426,357.00",0.92,0.41
32601,Gainesville,FL,Alachua,29.6489,-82.325,"114,082.00","127,721.00","202,692.00",0.78,0.59
32603,Gainesville,FL,Alachua,29.6515,-82.3493,"194,822.00","237,510.00","321,995.00",0.65,0.36
32605,Gainesville,FL,Alachua,29.6785,-82.3679,"149,768.00","167,324.00","246,358.00",0.64,0.47
32606,Gainesville,FL,Alachua,29.6954,-82.4023,"173,133.00","200,069.00","284,072.00",0.64,0.42
32607,Gainesville,FL,Alachua,29.6456,-82.4033,"132,867.00","153,405.00","228,380.00",0.72,0.49
32608,Gainesville,FL,Alachua,29.6132,-82.3873,"167,646.00","194,615.00","270,079.00",0.61,0.39
32609,Gainesville,FL,Alachua,29.7005,-82.308,"97,240.00","102,927.00","172,489.00",0.77,0.68
32641,Gainesville,FL,Alachua,29.6824,-82.2014,"80,189.00","83,927.00","144,934.00",0.81,0.73
32653,Gainesville,FL,Alachua,29.7728,-82.3782,"163,797.00","186,321.00","266,035.00",0.62,0.43
32259,Saint Johns,FL,Saint Johns,30.0815,-81.5477,"246,995.00","309,199.00","435,376.00",0.76,0.41
33843,Frostproof,FL,Polk,27.7211,-81.5148,"69,748.00","87,009.00","154,565.00",1.22,0.78
32439,Freeport,FL,Walton,30.4896,-86.1684,"164,104.00","204,936.00","324,948.00",0.98,0.59
33172,Miami,FL,Miami-Dade,25.7735,-80.3572,"106,747.00","175,191.00","227,884.00",1.13,0.30
33174,Miami,FL,Miami-Dade,25.7628,-80.3611,"147,207.00","249,638.00","335,489.00",1.28,0.34
32438,Fountain,FL,Bay,30.4753,-85.4293,"71,774.00","86,083.00","123,435.00",0.72,0.43
32038,Fort White,FL,Columbia,29.9207,-82.6879,"94,221.00","147,915.00","222,501.00",1.36,0.50
32547,Fort Walton Beach,FL,Okaloosa,30.4487,-86.6255,"149,766.00","173,552.00","279,184.00",0.86,0.61
32548,Fort Walton Beach,FL,Okaloosa,30.4206,-86.6286,"149,138.00","179,108.00","295,025.00",0.98,0.65
33931,Fort Myers Beach,FL,Lee,26.4527,-81.9501,"332,677.00","434,878.00","547,331.00",0.65,0.26
33901,Fort Myers,FL,Lee,26.6204,-81.8725,"89,318.00","163,294.00","239,354.00",1.68,0.47
33905,Fort Myers,FL,Lee,26.6693,-81.7605,"87,708.00","159,055.00","240,103.00",1.74,0.51
33907,Fort Myers,FL,Lee,26.5681,-81.8736,"82,407.00","140,923.00","188,780.00",1.29,0.34
33908,Fort Myers,FL,Lee,26.5025,-81.9276,"189,554.00","259,275.00","317,088.00",0.67,0.22
33912,Fort Myers,FL,Lee,26.4972,-81.8246,"202,340.00","280,884.00","340,795.00",0.68,0.21
33913,Fort Myers,FL,Lee,26.5228,-81.7065,"210,535.00","299,190.00","372,678.00",0.77,0.25
33916,Fort Myers,FL,Lee,26.6466,-81.8429,"60,416.00","111,242.00","174,274.00",1.88,0.57
33919,Fort Myers,FL,Lee,26.5567,-81.9034,"123,647.00","184,486.00","240,700.00",0.95,0.30
33966,Fort Myers,FL,Lee,26.5824,-81.832,"158,535.00","230,820.00","281,288.00",0.77,0.22
33967,Fort Myers,FL,Polk,26.4722,-81.8122,"110,719.00","221,843.00","303,244.00",1.74,0.37
33841,Fort Meade,FL,Polk,27.7464,-81.7823,"77,355.00","100,840.00","177,599.00",1.30,0.76
32134,Fort Mc Coy,FL,Marion,29.391,-81.8551,"44,007.00","51,601.00","89,241.00",1.03,0.73
33301,Fort Lauderdale,FL,Broward,26.1216,-80.1288,"371,598.00","551,654.00","659,979.00",0.78,0.20
33304,Fort Lauderdale,FL,Broward,26.1387,-80.1218,"250,192.00","368,905.00","481,893.00",0.93,0.31
33305,Fort Lauderdale,FL,Broward,26.1497,-80.1229,"274,124.00","421,181.00","554,622.00",1.02,0.32
33306,Fort Lauderdale,FL,Broward,26.1656,-80.1118,"234,636.00","350,694.00","456,844.00",0.95,0.30
33308,Fort Lauderdale,FL,Broward,26.0984,-80.1822,"249,680.00","356,913.00","454,622.00",0.82,0.27
33311,Fort Lauderdale,FL,Broward,26.1421,-80.1728,"90,940.00","151,772.00","270,372.00",1.97,0.78
33312,Fort Lauderdale,FL,Broward,26.0968,-80.181,"142,611.00","232,751.00","360,122.00",1.53,0.55
33315,Fort Lauderdale,FL,Broward,26.0989,-80.1541,"175,967.00","275,961.00","396,799.00",1.26,0.44
33316,Fort Lauderdale,FL,Broward,26.1042,-80.126,"355,911.00","501,872.00","616,150.00",0.73,0.23
33034,Homestead,FL,Miami-Dade,25.2846,-80.6246,"79,221.00","137,389.00","233,448.00",1.95,0.70
32140,Florahome,FL,Putnam,29.7581,-81.8622,"81,981.00","103,053.00","177,183.00",1.16,0.72
32003,Fleming Island,FL,Clay,30.0933,-81.719,"209,521.00","249,241.00","355,147.00",0.70,0.42
32136,Flagler Beach,FL,Flagler,29.475,-81.1303,"221,715.00","289,317.00","412,632.00",0.86,0.43
33109,Miami Beach,FL,Miami-Dade,25.7588,-80.1376,"1,483,218.00","2,713,511.00","2,570,395.00",0.73,-0.05
32034,Fernandina Beach,FL,Nassau,30.6697,-81.4626,"225,302.00","311,063.00","455,734.00",1.02,0.47
32948,Fellsmere,FL,Indian River,27.7643,-80.6019,"111,797.00","166,446.00","249,490.00",1.23,0.50
33762,Clearwater,FL,Pinellas,27.8942,-82.6746,"121,349.00","180,498.00","273,685.00",1.26,0.52
34139,Everglades City,FL,Collier,25.857,-81.3778,"142,848.00","212,693.00","260,085.00",0.82,0.22
32726,Eustis,FL,Lake,28.855,-81.6789,"101,032.00","138,687.00","226,828.00",1.25,0.64
32736,Eustis,FL,Lake,28.9102,-81.5235,"178,599.00","246,624.00","369,753.00",1.07,0.50
33928,Estero,FL,Lee,26.4351,-81.8102,"122,437.00","318,440.00","381,754.00",2.12,0.20
34223,Englewood,FL,Sarasota,26.9667,-82.3599,"170,190.00","242,425.00","350,431.00",1.06,0.45
34224,Englewood,FL,Sarasota,26.92,-82.3048,"113,717.00","175,393.00","270,922.00",1.38,0.54
34222,Ellenton,FL,Manatee,27.5382,-82.5006,"153,140.00","244,976.00","342,148.00",1.23,0.40
32033,Elkton,FL,Saint Johns,29.7882,-81.462,"148,460.00","211,387.00","305,576.00",1.06,0.45
33614,Tampa,FL,Hillsborough,28.0091,-82.5034,"86,653.00","150,270.00","274,189.00",2.16,0.82
32132,Edgewater,FL,Volusia,28.9818,-80.9103,"94,401.00","135,970.00","228,731.00",1.42,0.68
32141,Edgewater,FL,Volusia,28.9455,-80.8969,"108,348.00","153,388.00","249,214.00",1.30,0.62
32437,Ebro,FL,Washington,30.4352,-85.8881,"65,753.00","81,634.00","114,917.00",0.75,0.41
32328,Eastpoint,FL,Franklin,29.7495,-84.8162,"376,523.00","430,385.00","556,964.00",0.48,0.29
32131,East Palatka,FL,Putnam,29.6609,-81.5879,"93,402.00","128,053.00","208,824.00",1.24,0.63
32631,Earleton,FL,Alachua,29.7439,-82.1034,"163,702.00","172,640.00","240,888.00",0.47,0.40
33839,Eagle Lake,FL,Polk,27.9787,-81.7564,"87,607.00","126,469.00","205,376.00",1.34,0.62
33838,Dundee,FL,Polk,28.0194,-81.6212,"82,988.00","123,729.00","214,224.00",1.58,0.73
33527,Dover,FL,Hillsborough,27.992,-82.2138,"163,374.00","225,297.00","351,804.00",1.15,0.56
33122,Miami,FL,Miami-Dade,25.8001,-80.281,"573,785.00","1,058,116.00","1,142,808.00",0.99,0.08
33178,Miami,FL,Miami-Dade,25.8141,-80.3549,"243,149.00","346,256.00","382,007.00",0.57,0.10
32819,Orlando,FL,Orange,28.4522,-81.4678,"194,856.00","292,566.00","394,952.00",1.03,0.35
32836,Orlando,FL,Orange,28.4115,-81.525,"333,064.00","440,388.00","554,880.00",0.67,0.26
32541,Destin,FL,Okaloosa,30.3949,-86.4692,"282,351.00","345,236.00","501,012.00",0.77,0.45
32725,Deltona,FL,Volusia,28.8989,-81.2473,"83,495.00","138,207.00","243,176.00",1.91,0.76
32738,Deltona,FL,Volusia,28.9093,-81.1922,"83,362.00","139,332.00","243,779.00",1.92,0.75
33444,Delray Beach,FL,Palm Beach,26.4564,-80.0793,"147,623.00","247,374.00","357,407.00",1.42,0.44
33445,Delray Beach,FL,Palm Beach,26.4564,-80.1054,"109,513.00","175,439.00","247,452.00",1.26,0.41
33446,Delray Beach,FL,Palm Beach,26.4517,-80.158,"175,964.00","256,570.00","316,339.00",0.80,0.23
33483,Delray Beach,FL,Palm Beach,26.4546,-80.0656,"364,237.00","547,738.00","693,121.00",0.90,0.27
33484,Delray Beach,FL,Palm Beach,26.4543,-80.1346,"83,612.00","139,571.00","187,155.00",1.24,0.34
32720,Deland,FL,Volusia,29.0266,-81.3349,"106,804.00","156,577.00","259,219.00",1.43,0.66
32724,Deland,FL,Volusia,29.0422,-81.2863,"120,461.00","172,037.00","273,914.00",1.27,0.59
32433,Defuniak Springs,FL,Walton,30.8494,-86.2023,"101,467.00","112,837.00","176,933.00",0.74,0.57
32435,Defuniak Springs,FL,Walton,30.721,-86.1152,"99,800.00","109,357.00","177,877.00",0.78,0.63
33441,Deerfield Beach,FL,Broward,26.3096,-80.0992,"142,206.00","217,340.00","316,740.00",1.23,0.46
33442,Deerfield Beach,FL,Broward,26.3124,-80.1412,"71,181.00","108,835.00","155,377.00",1.18,0.43
32713,Debary,FL,Volusia,28.8846,-81.3065,"131,873.00","196,338.00","303,988.00",1.31,0.55
32130,De Leon Springs,FL,Volusia,29.1166,-81.3488,"110,603.00","152,610.00","254,785.00",1.30,0.67
32114,Daytona Beach,FL,Volusia,29.2012,-81.0371,"64,149.00","89,267.00","155,915.00",1.43,0.75
32118,Daytona Beach,FL,Volusia,29.2219,-81.0095,"146,464.00","196,659.00","283,280.00",0.93,0.44
32124,Daytona Beach,FL,Volusia,29.1419,-81.1402,"165,220.00","235,182.00","344,199.00",1.08,0.46
33314,Fort Lauderdale,FL,Broward,26.0697,-80.2246,"121,816.00","190,551.00","301,797.00",1.48,0.58
33325,Fort Lauderdale,FL,Broward,26.1097,-80.3215,"237,200.00","343,346.00","468,756.00",0.98,0.37
33328,Fort Lauderdale,FL,Broward,26.0671,-80.2723,"237,813.00","342,522.00","465,413.00",0.96,0.36
33837,Davenport,FL,Polk,28.1963,-81.6079,"122,184.00","189,001.00","276,262.00",1.26,0.46
33897,Davenport,FL,Polk,28.3112,-81.6643,"125,931.00","184,187.00","276,807.00",1.20,0.50
33004,Dania,FL,Broward,26.0476,-80.1447,"132,902.00","184,274.00","257,766.00",0.94,0.40
33525,Dade City,FL,Pasco,28.3318,-82.2446,"131,506.00","170,078.00","275,034.00",1.09,0.62
33189,Miami,FL,Miami-Dade,25.573,-80.3374,"146,021.00","252,947.00","381,805.00",1.61,0.51
33190,Miami,FL,Miami-Dade,25.5593,-80.3483,"155,647.00","239,142.00","326,614.00",1.10,0.37
34430,Dunnellon,FL,Marion,29.0491,-82.4609,"114,610.00","134,036.00","230,464.00",1.01,0.72
32536,Crestview,FL,Okaloosa,30.7644,-86.5917,"147,846.00","163,428.00","254,242.00",0.72,0.56
32539,Crestview,FL,Okaloosa,30.7773,-86.4832,"125,678.00","139,347.00","226,554.00",0.80,0.63
32112,Crescent City,FL,Putnam,29.4272,-81.5579,"74,928.00","91,487.00","155,772.00",1.08,0.70
32327,Crawfordville,FL,Wakulla,30.2108,-84.3205,"110,059.00","157,682.00","205,541.00",0.87,0.30
32355,Saint Marks,FL,Wakulla,30.1631,-84.2083,"102,500.00","152,692.00","186,187.00",0.82,0.22
33015,Hialeah,FL,Miami-Dade,25.9388,-80.3165,"139,811.00","232,559.00","316,918.00",1.27,0.36
32431,Cottondale,FL,Jackson,30.8004,-85.3847,"60,943.00","87,906.00","114,831.00",0.88,0.31
34215,Cortez,FL,Manatee,27.4713,-82.6823,"424,354.00","509,145.00","550,799.00",0.30,0.08
33065,Pompano Beach,FL,Broward,26.2729,-80.2603,"112,944.00","183,132.00","267,255.00",1.37,0.46
33067,Pompano Beach,FL,Broward,26.3033,-80.2415,"306,765.00","414,274.00","560,452.00",0.83,0.35
33071,Pompano Beach,FL,Broward,26.2435,-80.2601,"226,935.00","332,803.00","462,259.00",1.04,0.39
33134,Miami,FL,Miami-Dade,25.768,-80.2714,"312,871.00","467,420.00","571,817.00",0.83,0.22
33146,Miami,FL,Miami-Dade,25.7205,-80.2728,"612,659.00","931,018.00","1,081,713.00",0.77,0.16
33330,Fort Lauderdale,FL,Broward,26.0663,-80.3339,"400,225.00","550,088.00","746,058.00",0.86,0.36
33521,Coleman,FL,Sumter,28.7997,-82.0701,"60,823.00","77,829.00","133,797.00",1.20,0.72
33066,Pompano Beach,FL,Broward,26.2535,-80.1775,"73,122.00","120,028.00","169,464.00",1.32,0.41
33073,Pompano Beach,FL,Broward,26.2997,-80.181,"198,961.00","302,095.00","405,238.00",1.04,0.34
32931,Cocoa Beach,FL,Brevard,28.3325,-80.6121,"195,836.00","294,320.00","413,561.00",1.11,0.41
32922,Cocoa,FL,Brevard,28.3672,-80.7465,"55,954.00","71,231.00","153,085.00",1.74,1.15
32926,Cocoa,FL,Brevard,28.391,-80.787,"109,909.00","162,897.00","266,429.00",1.42,0.64
32927,Cocoa,FL,Brevard,28.4566,-80.7978,"88,662.00","149,206.00","248,710.00",1.81,0.67
33440,Clewiston,FL,Hendry,26.7172,-80.9492,"75,043.00","100,893.00","139,022.00",0.85,0.38
33755,Clearwater,FL,Pinellas,27.9781,-82.7815,"107,402.00","163,932.00","269,625.00",1.51,0.64
33756,Clearwater,FL,Pinellas,27.947,-82.7943,"116,409.00","177,600.00","285,600.00",1.45,0.61
33759,Clearwater,FL,Pinellas,27.975,-82.7019,"110,070.00","161,488.00","282,459.00",1.57,0.75
33761,Clearwater,FL,Pinellas,28.031,-82.7239,"122,834.00","179,645.00","281,697.00",1.29,0.57
33763,Clearwater,FL,Pinellas,28.0173,-82.7461,"78,429.00","109,146.00","179,080.00",1.28,0.64
33764,Clearwater,FL,Pinellas,27.916,-82.7343,"119,837.00","179,851.00","305,641.00",1.55,0.70
33765,Clearwater,FL,Pinellas,27.9902,-82.7433,"118,773.00","177,443.00","283,657.00",1.39,0.60
33767,Clearwater Beach,FL,Pinellas,27.9598,-82.8286,"343,978.00","461,814.00","636,983.00",0.85,0.38
33896,Davenport,FL,Polk,28.2531,-81.6509,"152,313.00","215,920.00","297,199.00",0.95,0.38
33625,Tampa,FL,Hillsborough,28.0726,-82.559,"143,631.00","214,047.00","335,087.00",1.33,0.57
32113,Citra,FL,Marion,29.3918,-82.1062,"73,039.00","93,095.00","155,411.00",1.13,0.67
32709,Christmas,FL,Orange,28.5462,-81.0116,"118,617.00","204,870.00","306,469.00",1.58,0.50
34138,Chokoloskee,FL,Collier,25.8129,-81.362,"184,674.00","194,475.00","258,478.00",0.40,0.33
32428,Chipley,FL,Washington,30.7107,-85.5486,"74,341.00","102,272.00","136,031.00",0.83,0.33
32463,Wausau,FL,Washington,30.6321,-85.5888,"37,816.00","51,851.00","67,113.00",0.77,0.29
32324,Chattahoochee,FL,Gadsden,30.6834,-84.828,"39,502.00","53,714.00","59,334.00",0.50,0.10
33417,West Palm Beach,FL,Palm Beach,26.7197,-80.1248,"55,185.00","87,110.00","131,654.00",1.39,0.51
32535,Century,FL,Escambia,30.9687,-87.3216,"90,270.00","87,877.00","123,563.00",0.37,0.41
33514,Center Hill,FL,Sumter,28.6635,-81.9963,"152,697.00","122,112.00","202,795.00",0.33,0.66
33585,Sumterville,FL,Sumter,28.7356,-82.0616,"203,773.00","165,234.00","275,602.00",0.35,0.67
32625,Cedar Key,FL,Levy,29.171,-83.0168,"164,488.00","203,941.00","250,092.00",0.52,0.23
32707,Casselberry,FL,Seminole,28.6617,-81.3122,"119,374.00","184,656.00","287,546.00",1.41,0.56
32730,Casselberry,FL,Seminole,28.6513,-81.3418,"101,711.00","164,346.00","258,236.00",1.54,0.57
32427,Caryville,FL,Washington,30.7123,-85.8014,"48,786.00","60,612.00","90,289.00",0.85,0.49
32322,Carrabelle,FL,Franklin,29.8692,-84.6358,"128,886.00","155,248.00","198,898.00",0.54,0.28
32323,Lanark Village,FL,Franklin,29.8826,-84.5964,"38,448.00","47,714.00","65,167.00",0.69,0.37
33924,Captiva,FL,Lee,26.5215,-82.1802,"681,451.00","870,938.00","1,087,801.00",0.60,0.25
33904,Cape Coral,FL,Lee,26.6065,-81.9502,"141,794.00","226,247.00","325,536.00",1.30,0.44
33909,Cape Coral,FL,Lee,26.6939,-81.9452,"96,952.00","178,990.00","254,882.00",1.63,0.42
33914,Cape Coral,FL,Lee,26.5557,-82.0206,"175,802.00","278,842.00","391,584.00",1.23,0.40
33990,Cape Coral,FL,Lee,26.6265,-81.9677,"118,910.00","205,027.00","295,261.00",1.48,0.44
33991,Cape Coral,FL,Lee,26.6281,-82.0182,"136,786.00","228,769.00","325,727.00",1.38,0.42
33993,Cape Coral,FL,Lee,26.6786,-82.0254,"114,808.00","200,181.00","286,366.00",1.49,0.43
32920,Cape Canaveral,FL,Brevard,28.3903,-80.6043,"134,029.00","199,442.00","299,747.00",1.24,0.50
32533,Cantonment,FL,Escambia,30.6143,-87.3251,"142,055.00","167,966.00","249,247.00",0.75,0.48
33438,Canal Point,FL,Palm Beach,26.8592,-80.6337,"82,759.00","94,772.00","157,727.00",0.91,0.66
32426,Campbellton,FL,Jackson,30.9563,-85.3766,"45,248.00","65,261.00","85,685.00",0.89,0.31
32011,Callahan,FL,Nassau,30.552,-81.8145,"133,682.00","187,155.00","293,499.00",1.20,0.57
33513,Bushnell,FL,Sumter,28.6611,-82.1553,"98,474.00","124,951.00","209,172.00",1.12,0.67
32110,Bunnell,FL,Flagler,29.4562,-81.3244,"97,515.00","127,288.00","210,627.00",1.16,0.65
32009,Bryceville,FL,Nassau,30.4193,-81.9724,"142,955.00","204,032.00","299,937.00",1.10,0.47
32622,Brooker,FL,Bradford,29.919,-82.2956,"85,559.00","122,045.00","174,657.00",1.04,0.43
32621,Bronson,FL,Levy,29.461,-82.6356,"71,073.00","98,877.00","125,580.00",0.77,0.27
32321,Bristol,FL,Liberty,30.4223,-84.9466,"68,606.00","104,316.00","137,172.00",1.00,0.32
32008,Branford,FL,Suwannee,29.9395,-82.8993,"80,900.00","120,854.00","163,302.00",1.02,0.35
33510,Brandon,FL,Hillsborough,27.9551,-82.2966,"114,769.00","171,957.00","277,673.00",1.42,0.61
33511,Brandon,FL,Hillsborough,27.9056,-82.2881,"127,120.00","191,978.00","299,031.00",1.35,0.56
34202,Bradenton,FL,Manatee,27.4067,-82.39,"300,981.00","418,543.00","536,998.00",0.78,0.28
34203,Bradenton,FL,Manatee,27.4547,-82.5359,"151,791.00","237,402.00","328,836.00",1.17,0.39
34205,Bradenton,FL,Manatee,27.4841,-82.5834,"82,684.00","147,186.00","239,758.00",1.90,0.63
34207,Bradenton,FL,Manatee,27.4394,-82.5778,"67,816.00","121,002.00","197,365.00",1.91,0.63
34208,Bradenton,FL,Manatee,27.4678,-82.512,"113,570.00","180,736.00","271,723.00",1.39,0.50
34209,Bradenton,FL,Manatee,27.4759,-82.6167,"154,815.00","231,493.00","330,993.00",1.14,0.43
34210,Bradenton,FL,Manatee,27.4544,-82.6358,"128,777.00","187,951.00","257,013.00",1.00,0.37
34211,Bradenton,FL,Manatee,27.45,-82.3773,"255,961.00","356,897.00","475,360.00",0.86,0.33
34212,Bradenton,FL,Manatee,27.4978,-82.4101,"233,461.00","332,408.00","447,099.00",0.92,0.35
33426,Boynton Beach,FL,Palm Beach,26.5175,-80.0834,"120,350.00","192,167.00","269,573.00",1.24,0.40
33435,Boynton Beach,FL,Palm Beach,26.5254,-80.061,"99,986.00","165,076.00","255,682.00",1.56,0.55
33436,Boynton Beach,FL,Palm Beach,26.5354,-80.1124,"157,714.00","242,637.00","338,161.00",1.14,0.39
33437,Boynton Beach,FL,Palm Beach,26.5312,-80.1418,"196,957.00","280,314.00","348,817.00",0.77,0.24
33472,Boynton Beach,FL,Palm Beach,26.5384,-80.1856,"200,719.00","288,236.00","375,635.00",0.87,0.30
33473,Boynton Beach,FL,Palm Beach,26.5088,-80.1896,"417,309.00","583,729.00","692,845.00",0.66,0.19
33834,Bowling Green,FL,Hardee,27.6019,-81.8507,"55,533.00","77,870.00","99,688.00",0.80,0.28
34134,Bonita Springs,FL,Lee,26.3626,-81.8183,"357,883.00","492,387.00","587,316.00",0.64,0.19
34135,Bonita Springs,FL,Lee,26.3771,-81.7334,"193,292.00","298,244.00","363,711.00",0.88,0.22
32425,Bonifay,FL,Holmes,30.8464,-85.69,"61,176.00","93,252.00","121,562.00",0.99,0.30
33922,Bokeelia,FL,Lee,26.6627,-82.1401,"186,861.00","247,325.00","348,794.00",0.87,0.41
33428,Boca Raton,FL,Palm Beach,26.3446,-80.2109,"166,374.00","271,064.00","382,475.00",1.30,0.41
33431,Boca Raton,FL,Palm Beach,26.3799,-80.0975,"255,831.00","386,350.00","516,369.00",1.02,0.34
33432,Boca Raton,FL,Palm Beach,26.3462,-80.0844,"377,837.00","565,600.00","746,485.00",0.98,0.32
33433,Boca Raton,FL,Palm Beach,26.3464,-80.1564,"189,226.00","281,301.00","376,123.00",0.99,0.34
33434,Boca Raton,FL,Palm Beach,26.3839,-80.1749,"126,957.00","181,906.00","240,055.00",0.89,0.32
33486,Boca Raton,FL,Palm Beach,26.3481,-80.1104,"264,014.00","400,580.00","552,488.00",1.09,0.38
33487,Boca Raton,FL,Palm Beach,26.4116,-80.0928,"280,299.00","402,183.00","530,314.00",0.89,0.32
33496,Boca Raton,FL,Palm Beach,26.403,-80.1813,"291,531.00","371,785.00","459,012.00",0.57,0.23
33498,Boca Raton,FL,Palm Beach,26.3907,-80.2161,"302,805.00","415,271.00","545,331.00",0.80,0.31
33921,Boca Grande,FL,Lee,26.7545,-82.2611,"1,027,217.00","1,464,664.00","2,175,282.00",1.12,0.49
32424,Blountstown,FL,Calhoun,30.4394,-85.062,"51,331.00","83,170.00","107,953.00",1.10,0.30
32820,Orlando,FL,Orange,28.5725,-81.1219,"180,693.00","277,558.00","396,566.00",1.19,0.43
33043,Big Pine Key,FL,Monroe,24.68,-81.362,401069,"437,725.00","564,245.00",0.41,0.29
34429,Crystal River,FL,Citrus,28.8547,-82.6669,"80,270.00","102,701.00","171,350.00",1.13,0.67
33786,Belleair Beach,FL,Pinellas,27.9229,-82.8393,"389,758.00","545,219.00","781,142.00",1.00,0.43
33430,Belle Glade,FL,Palm Beach,26.6843,-80.6724,"88,708.00","104,576.00","188,152.00",1.12,0.80
32619,Bell,FL,Gilchrist,29.7837,-82.8711,"103,501.00","149,164.00","194,975.00",0.88,0.31
32423,Bascom,FL,Jackson,30.9514,-85.0972,"61,141.00","86,329.00","111,759.00",0.83,0.29
33820,Alturas,FL,Polk,28.0026,-81.6186,"83,613.00","116,680.00","192,858.00",1.31,0.65
33830,Bartow,FL,Polk,27.8957,-81.8127,"80,623.00","114,778.00","201,347.00",1.50,0.75
33154,Miami Beach,FL,Miami-Dade,25.7907,-80.13,"432,475.00","701,737.00","699,092.00",0.62,0.00
32531,Baker,FL,Okaloosa,30.8316,-86.677,"152,160.00","161,814.00","252,191.00",0.66,0.56
33827,Babson Park,FL,Polk,27.8163,-81.5139,"110,910.00","147,045.00","232,472.00",1.10,0.58
33825,Avon Park,FL,Highlands,27.6001,-81.5015,"76,073.00","87,930.00","154,082.00",1.03,0.75
33180,Miami,FL,Miami-Dade,25.9597,-80.1403,"265,965.00","371,819.00","369,911.00",0.39,-0.01
33823,Auburndale,FL,Polk,28.0724,-81.8122,"94,147.00","140,425.00","230,841.00",1.45,0.64
32233,Atlantic Beach,FL,Duval,30.3483,-81.4159,"174,089.00","244,280.00","392,492.00",1.25,0.61
32102,Astor,FL,Lake,29.165,-81.5399,"132,187.00","152,640.00","217,258.00",0.64,0.42
32618,Archer,FL,Alachua,29.5597,-82.5108,"128,712.00","157,131.00","225,356.00",0.75,0.43
34288,North Port,FL,Sarasota,27.0498,-82.1288,"74,878.00","96,590.00","139,147.00",0.86,0.44
34289,North Port,FL,Sarasota,27.0808,-82.1516,"108,775.00","147,327.00","205,299.00",0.89,0.39
32703,Apopka,FL,Orange,28.6354,-81.4888,"104,331.00","174,984.00","278,394.00",1.67,0.59
32712,Apopka,FL,Orange,28.712,-81.5136,"150,042.00","231,258.00","340,944.00",1.27,0.47
33572,Apollo Beach,FL,Hillsborough,27.7716,-82.4102,"185,913.00","266,555.00","377,931.00",1.03,0.42
32320,Apalachicola,FL,Franklin,29.7255,-85.0063,"111,892.00","151,216.00","199,857.00",0.79,0.32
32617,Anthony,FL,Marion,29.3048,-82.1262,"98,229.00","123,778.00","209,500.00",1.13,0.69
34216,Anna Maria,FL,Manatee,27.5291,-82.7317,"644,691.00","971,956.00","1,471,203.00",1.28,0.51
33920,Alva,FL,Lee,26.7147,-81.6351,"153,578.00","235,816.00","323,953.00",1.11,0.37
32702,Altoona,FL,Lake,29.0219,-81.6323,"88,548.00","105,882.00","170,357.00",0.92,0.61
32421,Altha,FL,Calhoun,30.5319,-85.1704,"60,519.00","100,814.00","139,976.00",1.31,0.39
32430,Clarksville,FL,Calhoun,30.3568,-85.1898,"58,089.00","105,010.00","141,262.00",1.43,0.35
32701,Altamonte Springs,FL,Seminole,28.6666,-81.365,"95,199.00","153,689.00","241,315.00",1.53,0.57
32714,Altamonte Springs,FL,Seminole,28.6625,-81.4117,"105,082.00","170,133.00","264,196.00",1.51,0.55
32420,Alford,FL,Jackson,30.6412,-85.3756,"75,867.00","113,518.00","146,588.00",0.93,0.29
32615,Alachua,FL,Alachua,29.8135,-82.472,"153,453.00","176,266.00","252,646.00",0.65,0.43
